nama,email,handphone,perusahaan,program,batch,status,concern,sumber
Bran Gillions,bgillions0@princeton.edu,826-297-7174,Skyble,Subsidi Social Media,5,rapoo,cost,wordpress
Kristi MacKaile,kmackaile1@archive.org,414-290-4544,Yakitri,Subsidi Digital Marketing,10,closing,quality,wordpress
Bunnie Vann,bvann2@dedecms.com,362-268-7422,Digitube,Sertifikasi Social Media,5,rapoo,cost,wordpress
Janka Fer,jfer3@dailymotion.com,162-505-6020,Skyvu,Sertifikasi Social Media,7,schedule,service,kontak
Ilaire Caldecourt,icaldecourt4@nsw.gov.au,285-552-7002,Mynte,Subsidi Social Media,5,rapoo,delivery,kontak
Alejandra Della,adella5@ow.ly,894-272-0894,Bubblemix,Subsidi Digital Marketing,9,program,quality,wordpress
Nadeen Harry,nharry6@blog.com,716-890-9481,Mynte,Sertifikasi Social Media,8,program,cost,kontak
Bald Patchett,bpatchett7@google.com.hk,764-271-2158,Shuffletag,Sertifikasi Social Media,2,program,quality,wordpress
Drucy Roll,droll8@samsung.com,610-162-4279,Skyble,Subsidi Social Media,8,refollow up,service,kontak
Fiona Diddams,fdiddams9@ucla.edu,458-191-8378,Thoughtbeat,Subsidi Social Media,3,price,delivery,kontak
