nama,email,handphone,perusahaan,program,batch,status,barrier,sumber
Fayette Verecker,fverecker0@ovh.net,158-353-5451,Plajo,subsidism,8,program,demand-driven,whatsapp
Harli Ivetts,hivetts1@utexas.edu,628-842-6502,Feedbug,subsidism,1,program,bi-directional,kontak
Christal Arnett,carnett2@digg.com,546-950-6333,Browsecat,subsidism,7,refollow up,client-driven,whatsapp
Irv McCreery,imccreery3@jugem.jp,754-803-8223,Jayo,subsidism,5,refollow up,Expanded,wordpress
Jacintha Couzens,jcouzens4@nifty.com,401-801-8208,Yakijo,subsidism,1,refollow up,heuristic,wordpress
Tybie Hamberston,thamberston5@istockphoto.com,117-509-3188,Aimbu,subsidism,10,refollow up,open system,kontak
Camille Scarse,cscarse6@mlb.com,170-777-9406,Rhyloo,subsidism,4,schedule,asymmetric,kontak
Jase Bew,jbew7@mapy.cz,635-898-8347,Browsetype,subsidism,9,closing,Realigned,kontak
Mufi Accum,maccum8@yellowbook.com,624-443-6938,Tazzy,ssm,2,closing,groupware,kontak
Charlot Leonarde,cleonarde9@ocn.ne.jp,202-995-5812,Skajo,subsidism,9,schedule,foreground,kontak
Bernadette Manneville,bmannevillea@soundcloud.com,692-389-9438,Jaxbean,subsidism,4,schedule,Triple-buffered,whatsapp
Erastus Broadwood,ebroadwoodb@sun.com,551-689-3651,Chatterbridge,ssm,6,program,application,kontak
Steffi McMorland,smcmorlandc@tamu.edu,979-828-1380,Innotype,subsidism,9,closing,monitoring,whatsapp
Erv Westphal,ewestphald@discovery.com,904-569-4765,Demimbu,subsidism,1,refollow up,Open-architected,wordpress
Dex Marrill,dmarrille@rambler.ru,821-776-7315,Dynazzy,sdm,9,rapot,Robust,whatsapp
Mirna McDyer,mmcdyerf@google.ru,686-651-7173,Oyoyo,sdm,10,rapot,Multi-layered,wordpress
Rycca Karolewski,rkarolewskig@cnn.com,895-521-1259,Yadel,sdm,7,program,Stand-alone,kontak
Zelda Heazel,zheazelh@moonfruit.com,315-976-8206,Mudo,ssm,8,closing,capability,kontak
Klemens Strangeways,kstrangewaysi@msn.com,117-954-5747,Zoombeat,ssm,9,rapot,Switchable,kontak
Zarla Abells,zabellsj@bandcamp.com,186-546-4008,Skyba,ssm,1,refollow up,help-desk,kontak
Cece Brok,cbrokk@hhs.gov,888-145-6464,Brainbox,subsidism,6,rapot,Universal,wordpress
Neddie Smidmor,nsmidmorl@yolasite.com,798-896-6411,Dabshots,sdm,5,program,info-mediaries,wordpress
Ulick Rapin,urapinm@toplist.cz,117-106-2970,Omba,ssm,10,closing,model,kontak
Rahal Brabbins,rbrabbinsn@huffingtonpost.com,418-784-0263,Edgeblab,sdm,1,refollow up,intranet,wordpress
Rafe Rockhall,rrockhallo@g.co,463-540-3700,Skippad,subsidism,1,schedule,alliance,kontak
Pearl Brader,pbraderp@economist.com,984-215-5725,Rhyloo,ssm,5,rapot,success,wordpress
Sloane Mikalski,smikalskiq@technorati.com,887-845-5456,Kazu,subsidism,8,refollow up,systematic,wordpress
Joana Earley,jearleyr@google.com.hk,108-772-0937,Mydeo,sdm,8,rapot,Ameliorated,whatsapp
Mona Brimson,mbrimsons@dyndns.org,776-236-2645,Realcube,ssm,3,schedule,Centralized,wordpress
Beniamino Shilleto,bshilletot@behance.net,185-771-9966,Wikido,subsidism,9,rapot,moratorium,whatsapp
Hamid Marzello,hmarzellou@vimeo.com,785-619-8556,Npath,sdm,3,closing,orchestration,kontak
Helen-elizabeth Coulthard,hcoulthardv@biglobe.ne.jp,826-723-0496,Kimia,ssm,5,schedule,next generation,whatsapp
Butch Taplin,btaplinw@about.me,614-157-7736,Ooba,subsidism,8,closing,moderator,whatsapp
Mufinella Staff,mstaffx@amazon.de,309-484-3972,Mynte,subsidism,4,refollow up,clear-thinking,kontak
Ring Arstall,rarstally@mtv.com,185-395-1541,Zava,subsidism,6,schedule,knowledge user,wordpress
Kailey Cundict,kcundictz@samsung.com,571-870-6347,Topiczoom,sdm,3,refollow up,firmware,whatsapp
Ewart MacKenney,emackenney10@themeforest.net,595-238-4945,Roombo,sdm,4,program,heuristic,kontak
Ludvig Honig,lhonig11@nhs.uk,124-857-7590,Skidoo,ssm,5,program,database,wordpress
Ganny Bonnar,gbonnar12@nhs.uk,755-456-5183,Trudoo,ssm,5,refollow up,Synergized,wordpress
Abigael Whiles,awhiles13@utexas.edu,728-861-5332,Topiclounge,ssm,4,closing,Monitored,kontak
Katya Vida,kvida14@twitter.com,148-995-3713,Bubblemix,subsidism,1,schedule,cohesive,wordpress
Sileas Seide,sseide15@google.com,202-656-6984,Browsecat,subsidism,10,closing,Organized,kontak
Binny Henkmann,bhenkmann16@dot.gov,789-315-1085,Photofeed,subsidism,10,closing,intermediate,kontak
Lynnette Brisset,lbrisset17@arizona.edu,838-526-1446,Centimia,subsidism,7,schedule,Cross-group,wordpress
Alane De Ferraris,ade18@si.edu,799-949-0768,Ainyx,subsidism,1,schedule,local,kontak
Jedediah Harkus,jharkus19@princeton.edu,523-848-2193,Zava,sdm,10,schedule,model,kontak
Rae Heinish,rheinish1a@google.com,478-564-5043,Skaboo,subsidism,9,rapot,standardization,kontak
Merrili Sparry,msparry1b@bandcamp.com,716-690-6078,Fanoodle,sdm,8,refollow up,radical,whatsapp
Beverly LaBastida,blabastida1c@behance.net,584-277-3440,Zoozzy,ssm,3,schedule,local area network,wordpress
Karyn Alldis,kalldis1d@google.fr,921-137-9667,Topiclounge,sdm,4,rapot,scalable,wordpress
Gratia Camidge,gcamidge1e@reference.com,182-521-1581,Dynava,subsidism,2,closing,Front-line,kontak
Arny Pendreigh,apendreigh1f@twitpic.com,976-409-4600,Tagchat,ssm,8,refollow up,zero defect,kontak
Seth Netley,snetley1g@networksolutions.com,401-708-1367,Dabvine,sdm,2,refollow up,hardware,kontak
Gilles Quenell,gquenell1h@princeton.edu,461-941-8768,LiveZ,ssm,7,refollow up,Total,whatsapp
Gail Chamberlin,gchamberlin1i@alibaba.com,602-351-8280,Skimia,subsidism,5,refollow up,Universal,whatsapp
Caye Killough,ckillough1j@cbsnews.com,533-618-6891,Digitube,ssm,5,closing,cohesive,wordpress
Holt Taysbil,htaysbil1k@dagondesign.com,682-210-3816,Jayo,subsidism,8,program,Reverse-engineered,kontak
Estell Brydon,ebrydon1l@sbwire.com,394-219-8228,Flipstorm,ssm,2,closing,Fully-configurable,whatsapp
Lindi Gledstane,lgledstane1m@arstechnica.com,956-388-8391,Izio,sdm,10,program,Open-source,whatsapp
Modestine Savaage,msavaage1n@cdc.gov,862-971-3932,Vinder,sdm,8,rapot,Cross-platform,whatsapp
Richmond Pickthorne,rpickthorne1o@vk.com,446-805-5408,Eare,subsidism,1,rapot,framework,kontak
Ardine Toy,atoy1p@wikipedia.org,215-265-1762,Skyble,subsidism,7,closing,dynamic,kontak
Doris Helwig,dhelwig1q@pinterest.com,415-869-7421,Cogibox,ssm,6,closing,high-level,whatsapp
Sig Shoutt,sshoutt1r@europa.eu,941-673-9155,Aivee,ssm,5,schedule,throughput,wordpress
Ingra Caselick,icaselick1s@nps.gov,405-283-9545,Fiveclub,subsidism,6,schedule,access,whatsapp
Reinaldo Faccini,rfaccini1t@desdev.cn,574-170-9602,Jabbersphere,subsidism,2,refollow up,Realigned,whatsapp
Jenica Poon,jpoon1u@drupal.org,752-295-7877,Dabjam,subsidism,8,closing,Ergonomic,wordpress
Antonietta Freebury,afreebury1v@prnewswire.com,182-724-2242,Zoomcast,subsidism,2,closing,client-driven,wordpress
Parry Girodias,pgirodias1w@dion.ne.jp,980-151-1783,Thoughtworks,subsidism,1,program,hub,whatsapp
Crosby Goodhall,cgoodhall1x@ow.ly,835-539-5715,Topdrive,subsidism,2,closing,standardization,wordpress
Linoel Kiossel,lkiossel1y@aol.com,679-421-3296,Quire,subsidism,3,schedule,migration,wordpress
Zara Dunnan,zdunnan1z@wikispaces.com,704-823-0823,Flipopia,subsidism,2,rapot,website,wordpress
Helsa Wethered,hwethered20@godaddy.com,863-153-2623,Rhynoodle,subsidism,9,refollow up,object-oriented,whatsapp
Belita Liver,bliver21@va.gov,659-167-0354,Brightbean,subsidism,4,program,Grass-roots,wordpress
Terrill Fishbourne,tfishbourne22@ucla.edu,677-453-2730,Brainlounge,subsidism,8,closing,6th generation,kontak
Alta Garlicke,agarlicke23@wikipedia.org,649-224-9778,Ntags,sdm,7,program,alliance,whatsapp
Collen Alman,calman24@google.com.au,883-446-1356,Minyx,sdm,4,schedule,Reduced,whatsapp
Penny Pyrke,ppyrke25@java.com,282-977-6810,Topicware,subsidism,8,refollow up,protocol,wordpress
Stepha O' Finan,so26@webeden.co.uk,957-723-3558,Oba,ssm,6,closing,extranet,whatsapp
Antoni Pringley,apringley27@elegantthemes.com,119-353-0608,Avaveo,sdm,9,rapot,productivity,kontak
Johna Vanderson,jvanderson28@shutterfly.com,529-400-7458,Mynte,subsidism,3,refollow up,zero tolerance,wordpress
Vincenty Vardey,vvardey29@mozilla.org,700-977-6489,Voomm,sdm,2,refollow up,disintermediate,wordpress
Maribelle Conkay,mconkay2a@ucoz.com,310-764-9256,Roodel,subsidism,9,program,Stand-alone,wordpress
Winonah Pays,wpays2b@photobucket.com,314-683-5964,Skipfire,sdm,9,refollow up,Object-based,kontak
Wilfrid Kinchin,wkinchin2c@nbcnews.com,289-593-1261,Trilia,subsidism,1,rapot,synergy,wordpress
Giordano Threadgall,gthreadgall2d@hud.gov,803-803-3705,Buzzster,subsidism,3,rapot,transitional,kontak
Hansiain Phittiplace,hphittiplace2e@mapquest.com,244-281-0427,Fiveclub,ssm,6,rapot,next generation,wordpress
Elsinore Loram,eloram2f@t.co,349-432-0520,Fliptune,ssm,2,program,Re-contextualized,wordpress
Linzy Mapston,lmapston2g@xinhuanet.com,857-833-1093,Lajo,ssm,10,refollow up,explicit,kontak
Baily Garwell,bgarwell2h@about.me,482-341-5311,Eadel,subsidism,2,closing,conglomeration,whatsapp
Wylma Roach,wroach2i@hp.com,306-776-7872,Kaymbo,subsidism,5,refollow up,static,whatsapp
Gray Volks,gvolks2j@unblog.fr,757-163-6136,Skaboo,subsidism,5,schedule,moderator,wordpress
Tybalt Blue,tblue2k@uiuc.edu,277-716-6432,Cogilith,subsidism,7,rapot,Ameliorated,whatsapp
Martina MacNess,mmacness2l@howstuffworks.com,176-750-6780,Dynazzy,subsidism,5,schedule,conglomeration,whatsapp
Julienne Jenkinson,jjenkinson2m@go.com,533-509-3573,Omba,ssm,3,refollow up,Proactive,wordpress
Orbadiah Thurston,othurston2n@elpais.com,388-530-0056,Kaymbo,subsidism,8,schedule,web-enabled,wordpress
Yolanthe Waddams,ywaddams2o@seattletimes.com,928-602-9129,Meembee,sdm,2,closing,collaboration,wordpress
Ruben Rannigan,rrannigan2p@slashdot.org,719-382-6847,Skivee,subsidism,9,refollow up,24 hour,kontak
Karlotta Hold,khold2q@yellowpages.com,488-768-5885,Photobean,subsidism,4,rapot,core,kontak
Emmalynne Belhome,ebelhome2r@blogger.com,659-818-2964,Demimbu,subsidism,7,rapot,incremental,wordpress
Cordell Grundon,cgrundon2s@scribd.com,759-706-5147,Gabcube,subsidism,6,closing,fault-tolerant,wordpress
Bird Mayman,bmayman2t@fema.gov,448-797-0035,Jetwire,subsidism,1,schedule,info-mediaries,wordpress
Jasun Maystone,jmaystone2u@time.com,987-836-0973,Jaxspan,sdm,6,program,Multi-layered,kontak
Sharleen Marler,smarler2v@netlog.com,590-333-7415,Babblestorm,subsidism,4,closing,artificial intelligence,wordpress
George MacAvddy,gmacavddy2w@dedecms.com,966-704-8070,Yacero,subsidism,6,closing,flexibility,whatsapp
Karoly Breeton,kbreeton2x@guardian.co.uk,164-791-3283,Jayo,sdm,6,rapot,budgetary management,whatsapp
Horatia Amorts,hamorts2y@seattletimes.com,933-959-1578,Cogidoo,subsidism,5,rapot,static,kontak
Farr Aleshkov,faleshkov2z@wp.com,610-485-6370,Kanoodle,subsidism,7,closing,groupware,wordpress
Kat McClenan,kmcclenan30@ebay.com,265-630-9423,Vipe,subsidism,7,closing,access,kontak
Harlene Derrell,hderrell31@free.fr,624-651-3314,Agimba,sdm,5,rapot,Vision-oriented,kontak
Nicki Albert,nalbert32@quantcast.com,549-828-9868,Mymm,subsidism,8,closing,tangible,wordpress
Man Liversage,mliversage33@bbc.co.uk,116-534-1219,Jaxnation,subsidism,5,program,client-server,kontak
Brandy Iacovolo,biacovolo34@rakuten.co.jp,708-254-2678,Thoughtsphere,sdm,1,closing,national,whatsapp
Caresse MacMakin,cmacmakin35@merriam-webster.com,169-865-9786,InnoZ,subsidism,10,refollow up,mission-critical,wordpress
Irene Leachman,ileachman36@com.com,880-376-6981,Zoovu,ssm,5,schedule,coherent,wordpress
George Tyers,gtyers37@cargocollective.com,268-341-1843,Kare,subsidism,5,closing,hardware,wordpress
Reginald Sangwine,rsangwine38@foxnews.com,703-147-7823,Vinder,subsidism,5,refollow up,attitude-oriented,wordpress
Conn Glantz,cglantz39@mashable.com,657-897-2384,Vidoo,subsidism,8,closing,User-centric,kontak
Albertine Terrell,aterrell3a@acquirethisname.com,500-237-8005,Fiveclub,ssm,5,refollow up,grid-enabled,wordpress
Adolf Barts,abarts3b@theatlantic.com,273-196-5270,Kare,sdm,10,rapot,Self-enabling,kontak
Emmy Fothergill,efothergill3c@tripod.com,988-565-7768,Skipstorm,subsidism,7,rapot,matrix,kontak
Sibylla Greeveson,sgreeveson3d@tripadvisor.com,528-698-3715,Skidoo,subsidism,7,program,Diverse,whatsapp
Washington Marston,wmarston3e@imgur.com,758-290-3905,Skinix,subsidism,5,refollow up,Extended,whatsapp
Leroy Alway,lalway3f@sciencedaily.com,589-500-4633,Jamia,sdm,5,refollow up,4th generation,kontak
Morganica Stubbins,mstubbins3g@mapy.cz,717-890-4996,Plajo,ssm,6,refollow up,Innovative,wordpress
Andonis Coats,acoats3h@nbcnews.com,320-635-1190,Quinu,subsidism,10,refollow up,Customer-focused,kontak
Fernandina Manton,fmanton3i@so-net.ne.jp,799-675-2925,Zoomcast,ssm,4,closing,dedicated,whatsapp
Krisha Sheryn,ksheryn3j@techcrunch.com,454-491-5748,Ntag,subsidism,4,closing,well-modulated,kontak
Reeva Rewbottom,rrewbottom3k@shinystat.com,491-447-3034,Myworks,subsidism,6,rapot,client-driven,whatsapp
Cassandry Gabotti,cgabotti3l@virginia.edu,642-469-4900,Pixope,subsidism,9,schedule,Enterprise-wide,whatsapp
Ora Pedycan,opedycan3m@noaa.gov,333-897-8771,Jabberstorm,subsidism,6,closing,Right-sized,wordpress
Colene Dorton,cdorton3n@behance.net,354-839-1219,Buzzshare,sdm,9,closing,hardware,kontak
Gaston Lermit,glermit3o@springer.com,970-127-8852,Dabshots,subsidism,7,refollow up,local,whatsapp
Donalt Sweetzer,dsweetzer3p@umich.edu,361-900-4595,Twitterworks,ssm,1,rapot,maximized,wordpress
Laurene Pllu,lpllu3q@jalbum.net,854-209-3775,Zoomcast,sdm,4,refollow up,Horizontal,kontak
Frieda Atyea,fatyea3r@cdc.gov,310-714-3136,Topdrive,subsidism,10,closing,holistic,wordpress
Cindra Boatright,cboatright3s@ezinearticles.com,113-832-6466,Innojam,ssm,8,rapot,framework,kontak
Freddy Cornish,fcornish3t@noaa.gov,728-850-5950,Gabvine,subsidism,7,rapot,Down-sized,kontak
Gradey Stritton,gstritton3u@newsvine.com,767-543-0582,Demizz,subsidism,10,program,artificial intelligence,kontak
Wendy Meiklejohn,wmeiklejohn3v@techcrunch.com,762-104-4464,Mydeo,sdm,5,schedule,complexity,wordpress
Elihu Caulkett,ecaulkett3w@google.ca,309-615-2903,Skimia,ssm,2,rapot,leverage,wordpress
Torie O'Kenny,tokenny3x@free.fr,571-172-6501,Flashdog,ssm,2,refollow up,high-level,wordpress
Jsandye Struis,jstruis3y@marketwatch.com,276-220-7663,Tagtune,subsidism,3,rapot,full-range,kontak
Nil Bountiff,nbountiff3z@sina.com.cn,877-792-9658,Skynoodle,ssm,8,closing,transitional,kontak
Emmey Boase,eboase40@4shared.com,182-267-4615,Oyonder,subsidism,1,rapot,Expanded,wordpress
Zedekiah Joscelyne,zjoscelyne41@sphinn.com,453-743-0791,Tazzy,subsidism,8,program,upward-trending,wordpress
Mahmoud Stolli,mstolli42@alexa.com,175-374-3270,Skyndu,ssm,3,closing,encryption,wordpress
Theresina Stenner,tstenner43@npr.org,500-737-2489,Tagchat,subsidism,1,closing,success,kontak
Chadwick Joutapavicius,cjoutapavicius44@apache.org,581-915-1911,Zoozzy,sdm,10,schedule,optimizing,kontak
Marin Whorlton,mwhorlton45@nhs.uk,527-914-3130,Jatri,subsidism,1,program,concept,whatsapp
Gradey Spilsburie,gspilsburie46@rediff.com,848-202-5710,Voonte,sdm,4,refollow up,Total,wordpress
Tobie Barton,tbarton47@live.com,757-608-8810,Thoughtbridge,subsidism,3,refollow up,full-range,wordpress
Lewiss Durgan,ldurgan48@washingtonpost.com,186-791-3536,Eamia,subsidism,2,program,system engine,kontak
Bondy Bisset,bbisset49@foxnews.com,822-180-9835,Jabbersphere,subsidism,1,refollow up,user-facing,wordpress
Deloria Allchin,dallchin4a@hud.gov,782-928-8076,Mynte,subsidism,5,refollow up,Multi-layered,wordpress
Kelsey Behnecken,kbehnecken4b@bloomberg.com,310-511-7562,JumpXS,subsidism,4,program,Inverse,wordpress
Angele McColgan,amccolgan4c@intel.com,743-984-3450,Vimbo,subsidism,7,refollow up,Stand-alone,kontak
Umeko Viste,uviste4d@stumbleupon.com,498-458-0856,Dynava,subsidism,1,refollow up,Reactive,kontak
Justinian Cluelow,jcluelow4e@macromedia.com,416-983-0684,Eire,sdm,2,closing,neutral,kontak
Tabina Lunny,tlunny4f@uol.com.br,177-370-5803,Dynava,subsidism,1,closing,initiative,kontak
Melva Manns,mmanns4g@walmart.com,177-677-1667,Zava,ssm,4,schedule,Visionary,kontak
Ophelia Moffat,omoffat4h@ed.gov,355-604-2066,Rhyloo,ssm,5,program,Progressive,wordpress
Eileen Timlin,etimlin4i@home.pl,153-288-8748,Tazzy,subsidism,10,rapot,Decentralized,kontak
Terence Frarey,tfrarey4j@smugmug.com,884-678-0302,Mynte,sdm,8,schedule,Intuitive,kontak
Giselle Sulter,gsulter4k@abc.net.au,561-188-1741,Browseblab,subsidism,7,program,hub,wordpress
Christiane Alway,calway4l@desdev.cn,271-261-1741,Lazzy,ssm,4,rapot,architecture,wordpress
Allison Clow,aclow4m@tinypic.com,854-497-5153,DabZ,subsidism,8,program,Pre-emptive,wordpress
Rocky Lashbrook,rlashbrook4n@imageshack.us,144-141-8445,Twimbo,subsidism,1,schedule,composite,whatsapp
Barbara Arthey,barthey4o@examiner.com,926-628-7110,Kaymbo,ssm,8,program,focus group,whatsapp
Theodoric Gwilym,tgwilym4p@nsw.gov.au,268-632-3191,Feedspan,subsidism,8,refollow up,mission-critical,wordpress
Natala M'Quhan,nmquhan4q@slideshare.net,930-738-4565,Rhyloo,subsidism,8,closing,Organic,kontak
Christoph Thomton,cthomton4r@google.com.au,141-773-6284,Wikido,sdm,2,rapot,context-sensitive,kontak
Mariann Spellworth,mspellworth4s@japanpost.jp,152-513-9528,Youbridge,subsidism,10,refollow up,human-resource,kontak
Bradan Tschersich,btschersich4t@reddit.com,575-493-5189,Tagfeed,ssm,9,refollow up,system engine,wordpress
Brade Attwater,battwater4u@whitehouse.gov,455-756-1275,Izio,ssm,5,program,leading edge,wordpress
Jammie Staff,jstaff4v@nbcnews.com,651-809-3920,Topicstorm,sdm,7,refollow up,service-desk,kontak
Darby Swinburne,dswinburne4w@irs.gov,773-188-9747,Wikivu,subsidism,8,rapot,encompassing,wordpress
Mame Dodshon,mdodshon4x@nasa.gov,137-371-8600,Fadeo,ssm,1,closing,multi-tasking,kontak
Parsifal Rainbird,prainbird4y@tmall.com,435-124-7213,Twinder,subsidism,5,closing,info-mediaries,whatsapp
Perle Shorland,pshorland4z@cmu.edu,243-835-3914,Zoombox,sdm,6,closing,capacity,kontak
Frasier Carwardine,fcarwardine50@bluehost.com,942-112-8169,Voonix,ssm,1,program,explicit,kontak
Raleigh Beltzner,rbeltzner51@themeforest.net,314-840-5152,Tagfeed,subsidism,8,program,local area network,kontak
Kristal Elgy,kelgy52@google.com.au,601-873-2549,Demivee,subsidism,2,rapot,Profit-focused,wordpress
Paddie Rudeyeard,prudeyeard53@people.com.cn,350-143-2251,Realpoint,ssm,6,schedule,client-server,wordpress
Ramona Gregori,rgregori54@wufoo.com,331-199-0505,Eayo,subsidism,6,closing,matrices,whatsapp
Jan Guillerman,jguillerman55@flickr.com,239-542-2655,Skyvu,subsidism,9,refollow up,upward-trending,whatsapp
Tiffanie Skatcher,tskatcher56@chronoengine.com,760-744-6404,Agimba,subsidism,3,program,Innovative,wordpress
Liesa Drysdell,ldrysdell57@mysql.com,913-140-5948,Skinder,ssm,10,refollow up,circuit,wordpress
Jacinda Crewdson,jcrewdson58@businesswire.com,117-871-8586,Devpoint,sdm,8,refollow up,implementation,wordpress
Mata Smeeton,msmeeton59@acquirethisname.com,902-733-1127,Wikizz,sdm,2,rapot,Stand-alone,whatsapp
Vidovik Hearn,vhearn5a@privacy.gov.au,827-467-9656,Kwideo,subsidism,6,rapot,multi-state,wordpress
Cristal Stockdale,cstockdale5b@economist.com,588-740-1725,Ooba,subsidism,4,refollow up,Proactive,whatsapp
Seth Beeke,sbeeke5c@wikispaces.com,996-287-9988,Kwilith,subsidism,3,schedule,Expanded,kontak
Yankee Treneer,ytreneer5d@columbia.edu,909-440-2379,Skalith,ssm,4,program,alliance,kontak
Kingsley Goering,kgoering5e@usgs.gov,384-234-0938,Wikibox,subsidism,8,refollow up,global,wordpress
Livvie Wayon,lwayon5f@google.fr,454-752-7126,Wordware,ssm,7,refollow up,Customizable,kontak
Valentine Murrill,vmurrill5g@trellian.com,532-182-8397,Meeveo,subsidism,6,rapot,local area network,kontak
Emmet Fardo,efardo5h@kickstarter.com,713-216-7211,Twimm,subsidism,4,rapot,installation,kontak
Randall Snashall,rsnashall5i@mit.edu,713-792-0714,Jabbersphere,sdm,9,closing,hierarchy,wordpress
Quintus Rimington,qrimington5j@ebay.co.uk,857-915-8722,Roombo,ssm,7,program,User-centric,wordpress
Fionnula Skerman,fskerman5k@redcross.org,153-829-4846,Thoughtsphere,subsidism,5,program,orchestration,wordpress
Forbes Caslett,fcaslett5l@sourceforge.net,300-724-4362,Realcube,sdm,8,schedule,function,kontak
Hymie Castelyn,hcastelyn5m@nih.gov,277-129-0468,Brainverse,subsidism,5,rapot,zero tolerance,wordpress
Daryl Byard,dbyard5n@seesaa.net,806-803-3151,Feedspan,subsidism,4,program,matrices,wordpress
Clem Twaite,ctwaite5o@arizona.edu,638-542-3652,Jayo,subsidism,8,rapot,content-based,wordpress
Melba Roper,mroper5p@hexun.com,548-887-7967,Cogibox,ssm,2,refollow up,radical,wordpress
Shae Roddick,sroddick5q@geocities.jp,290-275-4295,Pixonyx,sdm,4,rapot,Function-based,kontak
Cody Klosser,cklosser5r@deliciousdays.com,821-968-8758,Rhycero,sdm,10,rapot,Sharable,whatsapp
Nikola Castelain,ncastelain5s@boston.com,517-738-8453,Skipstorm,ssm,3,closing,upward-trending,whatsapp
Isabelita Weddeburn - Scrimgeour,iweddeburn5t@indiatimes.com,877-920-1288,Talane,subsidism,6,refollow up,matrices,wordpress
Otho Toopin,otoopin5u@163.com,359-744-5398,Yambee,subsidism,7,closing,reciprocal,kontak
Auria Sedgebeer,asedgebeer5v@earthlink.net,635-780-3007,Wordify,subsidism,10,rapot,modular,wordpress
Tomasina Ridolfi,tridolfi5w@exblog.jp,111-708-3311,Quatz,subsidism,4,rapot,Managed,wordpress
Asa Stannett,astannett5x@smugmug.com,955-900-0490,Photolist,subsidism,4,refollow up,intangible,wordpress
Raffarty Jerg,rjerg5y@paypal.com,958-528-1608,Brainbox,sdm,6,rapot,info-mediaries,whatsapp
Caro Hakking,chakking5z@tmall.com,375-185-6402,Kare,subsidism,1,schedule,discrete,wordpress
Collie Wynrahame,cwynrahame60@timesonline.co.uk,379-399-4642,Thoughtbeat,subsidism,8,closing,matrices,wordpress
Claudine Klimentyev,cklimentyev61@squarespace.com,566-706-2130,Voomm,ssm,7,rapot,even-keeled,kontak
Cara Rhodus,crhodus62@storify.com,551-474-8110,Centimia,subsidism,8,schedule,stable,kontak
Riki Shipley,rshipley63@umn.edu,870-234-9103,Thoughtsphere,ssm,4,rapot,toolset,wordpress
Sandro Poe,spoe64@pagesperso-orange.fr,966-211-3821,Feedspan,ssm,7,closing,intangible,kontak
Alasdair Di Biasio,adi65@google.co.uk,831-647-8803,Zoomzone,ssm,3,rapot,infrastructure,whatsapp
Kayne Bottjer,kbottjer66@google.com.hk,594-288-4885,Twitterworks,subsidism,6,rapot,reciprocal,whatsapp
Renado Rogier,rrogier67@redcross.org,229-696-2087,Yakidoo,subsidism,7,schedule,disintermediate,kontak
Jo Fance,jfance68@berkeley.edu,242-603-6498,Fivebridge,ssm,8,closing,Monitored,kontak
Annnora Jacquemy,ajacquemy69@uol.com.br,295-110-6856,Feedfire,subsidism,5,refollow up,transitional,kontak
Corby Mattusevich,cmattusevich6a@blog.com,292-140-3805,Skinder,ssm,5,closing,solution,whatsapp
Kat Cowlas,kcowlas6b@gravatar.com,417-330-3748,Divavu,subsidism,1,refollow up,asymmetric,wordpress
Maren Samuel,msamuel6c@topsy.com,645-870-1878,Thoughtworks,ssm,7,closing,Expanded,wordpress
Drew Scain,dscain6d@geocities.jp,103-517-3327,Geba,subsidism,7,schedule,productivity,kontak
Prinz Sinderson,psinderson6e@google.co.uk,931-775-9518,Dynabox,subsidism,8,rapot,intranet,whatsapp
Elliott Remer,eremer6f@slate.com,157-241-2128,Thoughtblab,subsidism,7,rapot,Operative,whatsapp
Caz Higford,chigford6g@naver.com,338-263-8924,Zoombox,subsidism,3,schedule,dedicated,whatsapp
Rudy Shires,rshires6h@pen.io,428-379-8259,Wikizz,subsidism,1,closing,Networked,wordpress
Loleta Spratt,lspratt6i@cocolog-nifty.com,376-172-8881,Geba,subsidism,7,closing,task-force,whatsapp
Mylo Loble,mloble6j@icio.us,366-445-8892,Yakijo,sdm,2,closing,Reduced,wordpress
Minda Skewes,mskewes6k@ucoz.ru,144-631-8602,Thoughtbridge,ssm,3,refollow up,circuit,wordpress
Isahella Napper,inapper6l@google.es,678-150-9117,Browseblab,ssm,6,rapot,capacity,wordpress
Geordie Jerson,gjerson6m@amazonaws.com,316-306-5911,Gabtune,subsidism,8,rapot,Seamless,wordpress
Georgena Spragg,gspragg6n@unc.edu,451-658-0248,Trilia,ssm,10,closing,Enterprise-wide,wordpress
Dante Healings,dhealings6o@netlog.com,446-948-3768,Plambee,subsidism,3,program,secured line,whatsapp
Jonell Saunderson,jsaunderson6p@marriott.com,798-275-0736,Skalith,subsidism,1,program,Business-focused,wordpress
Livy Velde,lvelde6q@fema.gov,622-153-7408,Skinder,subsidism,1,rapot,Re-contextualized,wordpress
Cleon MacMeeking,cmacmeeking6r@unesco.org,226-787-4724,Lazz,subsidism,4,closing,bandwidth-monitored,wordpress
Carny Westmarland,cwestmarland6s@washington.edu,737-303-1494,Divavu,sdm,6,schedule,bandwidth-monitored,wordpress
Brandi Keppin,bkeppin6t@yolasite.com,884-243-3034,Skinix,subsidism,10,refollow up,Re-engineered,kontak
Christean Mc Comb,cmc6u@instagram.com,291-883-0932,Skippad,subsidism,9,program,impactful,wordpress
Andrei Edgars,aedgars6v@taobao.com,601-506-1584,Plajo,ssm,9,schedule,Open-architected,whatsapp
Cazzie Hudleston,chudleston6w@intel.com,846-358-6749,Quaxo,ssm,6,closing,Reverse-engineered,whatsapp
Marlo Gianetti,mgianetti6x@csmonitor.com,185-237-3966,Quinu,ssm,1,closing,Reactive,whatsapp
Aindrea Mawson,amawson6y@msu.edu,377-608-5978,Quatz,sdm,3,schedule,Team-oriented,kontak
Durante Mudie,dmudie6z@dion.ne.jp,867-594-9210,Bluejam,sdm,1,refollow up,policy,whatsapp
Hershel Leheude,hleheude70@photobucket.com,601-884-8619,Cogibox,subsidism,2,refollow up,Organized,kontak
Reuben Lyvon,rlyvon71@ucsd.edu,564-368-4244,Zoonoodle,sdm,10,refollow up,Operative,whatsapp
Anatol Farnan,afarnan72@youtube.com,922-331-4318,Linklinks,subsidism,1,closing,Triple-buffered,wordpress
Amabelle Silcock,asilcock73@icq.com,571-497-8722,Tekfly,subsidism,2,refollow up,actuating,kontak
Bobina Almeida,balmeida74@alibaba.com,812-150-3299,Youtags,subsidism,9,schedule,application,whatsapp
Britney Blunn,bblunn75@canalblog.com,929-853-5945,Blognation,subsidism,3,closing,Cross-platform,kontak
Judon O' Borne,jo76@usa.gov,741-450-8521,Minyx,ssm,9,refollow up,website,kontak
Monroe Beall,mbeall77@mozilla.com,312-721-9917,Photobug,subsidism,2,rapot,Organic,whatsapp
Mirella Sunley,msunley78@cornell.edu,623-181-4679,Shuffletag,subsidism,8,closing,matrices,wordpress
Prisca Vyvyan,pvyvyan79@webnode.com,701-478-5237,Twitterworks,ssm,1,rapot,Reduced,kontak
Loretta Janew,ljanew7a@icio.us,462-293-5342,Trilia,sdm,1,refollow up,customer loyalty,whatsapp
Faun Iacovo,fiacovo7b@mozilla.org,149-683-7466,Ozu,subsidism,1,schedule,Expanded,whatsapp
Romona Godridge,rgodridge7c@businessweek.com,742-211-8102,Topdrive,subsidism,6,refollow up,installation,kontak
Mata Murrigans,mmurrigans7d@i2i.jp,202-604-5375,Centizu,sdm,8,program,asynchronous,kontak
Coleman Fourman,cfourman7e@ft.com,651-171-8085,InnoZ,subsidism,5,schedule,Intuitive,kontak
Cordelie Showl,cshowl7f@reuters.com,799-357-7189,Dazzlesphere,subsidism,10,refollow up,product,kontak
Faythe McTurley,fmcturley7g@4shared.com,952-938-7576,Thoughtbridge,sdm,5,rapot,Profound,whatsapp
Corbin Frederick,cfrederick7h@gmpg.org,140-909-9357,Yodel,ssm,2,program,directional,kontak
Hardy Garnsey,hgarnsey7i@freewebs.com,532-817-7380,Lajo,subsidism,1,refollow up,knowledge base,whatsapp
Elbertina Ruppele,eruppele7j@yellowbook.com,228-995-2207,Skaboo,subsidism,2,closing,instruction set,whatsapp
Fionna Claffey,fclaffey7k@vinaora.com,423-672-7968,Edgewire,subsidism,1,schedule,data-warehouse,whatsapp
Birdie Trevaskus,btrevaskus7l@state.gov,461-891-7321,Riffpedia,subsidism,9,rapot,didactic,kontak
Egon Airlie,eairlie7m@elpais.com,301-282-1872,Thoughtstorm,subsidism,4,program,3rd generation,kontak
Zolly Symcock,zsymcock7n@independent.co.uk,760-788-1465,Zoomlounge,subsidism,2,closing,mission-critical,wordpress
Jake Matthiesen,jmatthiesen7o@digg.com,410-379-5125,Thoughtworks,sdm,3,closing,time-frame,wordpress
Mar Ruddoch,mruddoch7p@japanpost.jp,335-444-4495,Topiczoom,subsidism,3,closing,actuating,whatsapp
Lancelot Sarath,lsarath7q@wiley.com,875-119-9097,Dabjam,sdm,5,rapot,bandwidth-monitored,kontak
Corabel Plumbridge,cplumbridge7r@tmall.com,788-657-2478,Plambee,ssm,9,program,composite,whatsapp
Kare Capell,kcapell7s@behance.net,654-125-6194,Realbridge,ssm,5,closing,Virtual,whatsapp
Lurline Kleint,lkleint7t@ucsd.edu,834-475-6869,Feedfire,ssm,2,closing,maximized,wordpress
Ronald Edgecombe,redgecombe7u@wiley.com,375-941-1421,Livefish,ssm,1,rapot,local area network,wordpress
Faunie Symons,fsymons7v@wired.com,490-780-1860,Flashdog,subsidism,9,schedule,Up-sized,whatsapp
Kaylyn Doget,kdoget7w@wunderground.com,662-806-4204,Gigazoom,subsidism,2,schedule,model,kontak
Darda Camosso,dcamosso7x@prnewswire.com,539-456-8528,Podcat,sdm,7,program,Devolved,wordpress
Jedidiah Westman,jwestman7y@aol.com,162-915-5887,Izio,subsidism,4,refollow up,mobile,whatsapp
Warde Gerler,wgerler7z@yale.edu,872-665-4963,Blogspan,sdm,1,program,Face to face,wordpress
Ingmar Ladel,iladel80@nationalgeographic.com,222-923-1404,Jazzy,ssm,1,program,grid-enabled,whatsapp
Bastien Halbert,bhalbert81@php.net,914-656-8398,Npath,subsidism,5,rapot,Up-sized,wordpress
Godiva Frier,gfrier82@example.com,726-579-1164,Voolia,subsidism,5,program,4th generation,whatsapp
Kaela Vassay,kvassay83@xrea.com,757-558-7735,Gabtune,ssm,10,rapot,mission-critical,kontak
Di Reay,dreay84@webeden.co.uk,401-615-2286,Roombo,subsidism,4,schedule,interactive,whatsapp
Deeanne Brookes,dbrookes85@europa.eu,842-891-5035,Yombu,subsidism,6,schedule,foreground,wordpress
Hakeem Padberry,hpadberry86@npr.org,242-458-4478,Dynazzy,subsidism,3,program,explicit,whatsapp
Evania Chisnell,echisnell87@slashdot.org,558-662-9925,Twiyo,subsidism,5,refollow up,Self-enabling,kontak
Chris Borrell,cborrell88@studiopress.com,534-925-7621,Youspan,subsidism,2,closing,Organized,kontak
Brock FitzGibbon,bfitzgibbon89@jiathis.com,438-850-7738,Abata,subsidism,2,schedule,hub,kontak
Nancie McPhaden,nmcphaden8a@hud.gov,404-115-8348,Eire,sdm,3,schedule,orchestration,kontak
Bunnie Arnaudon,barnaudon8b@ovh.net,285-985-1965,Jabberbean,subsidism,10,program,middleware,kontak
Dion Stutely,dstutely8c@freewebs.com,887-600-1307,Demizz,sdm,4,schedule,Optimized,kontak
Delinda Bernon,dbernon8d@upenn.edu,416-911-8725,Fivebridge,sdm,2,refollow up,bandwidth-monitored,kontak
Nikita McQuode,nmcquode8e@epa.gov,935-630-1180,Mynte,sdm,4,refollow up,value-added,wordpress
Clare Prugel,cprugel8f@devhub.com,883-492-9747,Tagopia,subsidism,7,rapot,database,wordpress
Walt Chavez,wchavez8g@virginia.edu,653-969-9204,Teklist,sdm,7,closing,Face to face,whatsapp
Kara Schanke,kschanke8h@mlb.com,691-909-5980,Twitterbeat,subsidism,7,schedule,regional,whatsapp
Charita Gerrens,cgerrens8i@dropbox.com,433-128-0221,Realbridge,subsidism,2,rapot,systematic,whatsapp
Lindsy Blamphin,lblamphin8j@jugem.jp,565-679-9124,Fadeo,ssm,8,program,tertiary,wordpress
Anallese Perryman,aperryman8k@yahoo.co.jp,716-578-4020,Abatz,subsidism,10,schedule,analyzer,wordpress
Penny Smitton,psmitton8l@deliciousdays.com,378-695-3962,Kaymbo,subsidism,4,schedule,analyzing,whatsapp
Theressa Gianneschi,tgianneschi8m@list-manage.com,934-127-4719,Fiveclub,sdm,2,rapot,alliance,whatsapp
Sax Romeo,sromeo8n@homestead.com,624-757-3413,Skimia,ssm,9,program,Function-based,whatsapp
Jacky Teodori,jteodori8o@icio.us,663-713-6649,Pixonyx,subsidism,6,closing,complexity,whatsapp
Brigid Kairns,bkairns8p@nationalgeographic.com,263-798-2977,Twitterbridge,subsidism,9,refollow up,clear-thinking,kontak
Georgina Postins,gpostins8q@paypal.com,271-965-3624,Fivebridge,sdm,3,refollow up,installation,kontak
Sibby Lambdon,slambdon8r@tumblr.com,433-262-8904,Mycat,sdm,4,program,local area network,whatsapp
Teodoor Quirk,tquirk8s@google.cn,306-168-9088,Avavee,ssm,10,rapot,global,wordpress
Sherilyn Androli,sandroli8t@upenn.edu,553-956-1639,Flashset,ssm,2,program,Multi-tiered,wordpress
Antonietta Sleet,asleet8u@apache.org,489-836-9941,Omba,subsidism,3,closing,bifurcated,whatsapp
Brose Bagge,bbagge8v@shinystat.com,577-373-1386,Realcube,ssm,9,program,installation,whatsapp
Kelley Sebrens,ksebrens8w@themeforest.net,716-376-0560,Agivu,subsidism,4,refollow up,initiative,wordpress
Glenine Basini-Gazzi,gbasinigazzi8x@nymag.com,551-841-6766,Yacero,sdm,7,refollow up,Stand-alone,whatsapp
Yance Latimer,ylatimer8y@walmart.com,598-805-7854,Linkbuzz,subsidism,4,refollow up,transitional,whatsapp
Consalve Dunhill,cdunhill8z@ca.gov,893-249-0565,Fliptune,sdm,1,program,alliance,whatsapp
Tyson Hollyland,thollyland90@51.la,153-988-0383,Oyoyo,subsidism,7,closing,Configurable,kontak
Maire Marzelli,mmarzelli91@cyberchimps.com,318-240-7117,Trunyx,sdm,7,rapot,3rd generation,whatsapp
Carri Allibone,callibone92@ted.com,285-993-2332,Tagpad,subsidism,8,refollow up,content-based,wordpress
Donny Guiduzzi,dguiduzzi93@cyberchimps.com,218-818-3724,Topicstorm,subsidism,1,program,open system,wordpress
Flore Bowskill,fbowskill94@admin.ch,203-967-0248,Tanoodle,subsidism,2,schedule,success,wordpress
Timmy Greeveson,tgreeveson95@hhs.gov,580-918-7881,Mydo,subsidism,3,refollow up,Profit-focused,kontak
Petronia Stoffersen,pstoffersen96@psu.edu,987-512-7653,Gigabox,subsidism,3,rapot,grid-enabled,kontak
Blythe Beavington,bbeavington97@etsy.com,164-646-7414,Leexo,subsidism,2,schedule,support,kontak
Putnem Hansberry,phansberry98@google.co.uk,605-390-6201,Edgewire,sdm,7,closing,real-time,wordpress
Shane Durham,sdurham99@house.gov,583-749-8655,Livetube,ssm,3,closing,analyzer,whatsapp
Nevil Filippazzo,nfilippazzo9a@addthis.com,709-590-2497,Trilia,subsidism,6,refollow up,Inverse,wordpress
Hanna Clulee,hclulee9b@skype.com,573-742-2650,Meembee,sdm,8,closing,Seamless,wordpress
Sandor Halstead,shalstead9c@taobao.com,606-238-2817,Feedspan,sdm,4,refollow up,Face to face,kontak
Filippo Barti,fbarti9d@blogs.com,290-621-1712,Avamba,subsidism,4,schedule,functionalities,kontak
Ainslie Pashba,apashba9e@geocities.jp,957-457-2130,Livefish,sdm,2,schedule,fault-tolerant,wordpress
Rebekkah Hurd,rhurd9f@linkedin.com,751-330-8583,Brightbean,ssm,9,program,analyzing,wordpress
Corny Fanthome,cfanthome9g@whitehouse.gov,466-333-6517,Linktype,subsidism,3,closing,bifurcated,whatsapp
Dre Chislett,dchislett9h@gnu.org,449-612-6104,Jatri,subsidism,1,closing,superstructure,kontak
Ameline Garnsworthy,agarnsworthy9i@reddit.com,438-459-5182,Skinte,ssm,1,program,open architecture,kontak
Shellie Vause,svause9j@desdev.cn,768-218-4202,Divanoodle,subsidism,9,rapot,Mandatory,whatsapp
Roddie Brunnstein,rbrunnstein9k@arstechnica.com,181-196-4396,Jayo,subsidism,6,closing,algorithm,whatsapp
Shae Broek,sbroek9l@wikispaces.com,498-551-5148,Realbridge,sdm,3,rapot,Stand-alone,kontak
Tamara Straun,tstraun9m@reverbnation.com,512-830-5204,Aivee,sdm,7,refollow up,conglomeration,kontak
Aharon Francioli,afrancioli9n@51.la,377-773-6463,Riffwire,subsidism,8,program,service-desk,kontak
Wash Fountian,wfountian9o@techcrunch.com,252-399-7005,Agivu,sdm,5,schedule,zero defect,kontak
Lew Fiennes,lfiennes9p@blogger.com,893-163-1051,Pixoboo,sdm,10,refollow up,time-frame,whatsapp
Polly Adamski,padamski9q@google.fr,269-429-3818,Photobug,sdm,7,rapot,Persevering,whatsapp
Betta McConway,bmcconway9r@yelp.com,644-996-2177,Thoughtmix,ssm,5,rapot,foreground,wordpress
Phillida Morgan,pmorgan9s@bandcamp.com,356-646-9921,Brightdog,ssm,7,schedule,responsive,kontak
Gwyn Tracey,gtracey9t@tmall.com,640-879-3525,Vitz,subsidism,9,refollow up,support,kontak
Harmonie Cassells,hcassells9u@foxnews.com,410-940-6426,LiveZ,ssm,8,refollow up,explicit,whatsapp
Vi Korf,vkorf9v@infoseek.co.jp,572-554-6419,Devcast,ssm,6,schedule,Grass-roots,kontak
Melany Niessen,mniessen9w@columbia.edu,720-300-5597,Yamia,subsidism,4,rapot,tangible,kontak
Maxie Mouncher,mmouncher9x@reddit.com,566-694-9204,Kazu,subsidism,10,refollow up,Upgradable,kontak
Lorianne Bahlmann,lbahlmann9y@bloomberg.com,763-193-0346,Topicblab,subsidism,3,rapot,multimedia,whatsapp
Mable Drohan,mdrohan9z@hubpages.com,623-937-0695,Camido,subsidism,4,program,Public-key,whatsapp
Maire O'Hederscoll,mohederscolla0@ustream.tv,966-832-9433,Yadel,subsidism,4,schedule,Distributed,whatsapp
Hayes Lemanu,hlemanua1@arizona.edu,579-660-4479,Riffpath,subsidism,2,refollow up,bandwidth-monitored,whatsapp
Estevan Clowney,eclowneya2@bluehost.com,931-664-5139,Realbridge,sdm,7,closing,moratorium,whatsapp
Austin Arnecke,aarneckea3@wsj.com,872-475-0483,Dynabox,subsidism,4,schedule,attitude,wordpress
Ambrosi Sarten,asartena4@networksolutions.com,927-675-1704,Dabfeed,subsidism,8,rapot,Up-sized,wordpress
Annis Stormes,astormesa5@un.org,769-986-6645,Tagpad,subsidism,5,schedule,Organized,kontak
Sandi Beneteau,sbeneteaua6@purevolume.com,849-618-1458,Youtags,ssm,4,refollow up,flexibility,whatsapp
Harold Lechelle,hlechellea7@squidoo.com,199-751-8962,Twinte,subsidism,4,schedule,discrete,wordpress
Sheri Rapelli,srapellia8@livejournal.com,120-355-0529,Voomm,sdm,9,refollow up,parallelism,wordpress
Glenn Daintith,gdaintitha9@amazon.de,627-440-5197,BlogXS,ssm,9,closing,bottom-line,whatsapp
Dione Conkling,dconklingaa@economist.com,253-661-4488,Mynte,sdm,8,refollow up,complexity,wordpress
Goddart Esmonde,gesmondeab@jigsy.com,663-257-0149,Dabfeed,sdm,10,schedule,uniform,kontak
Gallard Santi,gsantiac@businesswire.com,510-499-0402,Wikibox,subsidism,6,refollow up,moratorium,kontak
Sylvan Marikhin,smarikhinad@nsw.gov.au,328-145-6540,Wordify,ssm,4,refollow up,Universal,kontak
Rawley Alenichev,ralenichevae@yale.edu,347-133-0209,Devpulse,ssm,5,program,Progressive,whatsapp
Corny Dearle-Palser,cdearlepalseraf@clickbank.net,921-344-7454,Brainsphere,sdm,5,program,encoding,kontak
Freddie Zanni,fzanniag@hugedomains.com,995-560-9985,Fadeo,sdm,4,closing,leading edge,whatsapp
Audie Horry,ahorryah@shop-pro.jp,366-600-0939,Brainbox,sdm,7,closing,Down-sized,whatsapp
Ellie Faich,efaichai@businessinsider.com,408-194-7276,Abata,sdm,2,program,multi-state,wordpress
Tisha Studdeard,tstuddeardaj@economist.com,917-386-3894,Tagcat,subsidism,2,refollow up,intermediate,whatsapp
Teodor Franschini,tfranschiniak@ebay.com,796-310-3892,Livefish,sdm,4,schedule,process improvement,wordpress
Ferris Goede,fgoedeal@prweb.com,101-782-4273,Riffpath,subsidism,8,rapot,middleware,kontak
Madlen Luckhurst,mluckhurstam@ted.com,451-591-0223,Realmix,sdm,3,program,composite,kontak
Hamel Anger,hangeran@example.com,581-826-5903,Blogtags,subsidism,10,closing,context-sensitive,kontak
Gilbert Tomik,gtomikao@last.fm,720-156-7173,Mycat,ssm,8,schedule,bi-directional,whatsapp
Halsy Spellar,hspellarap@de.vu,945-730-9867,Edgeclub,sdm,1,schedule,Object-based,whatsapp
Katti Mugridge,kmugridgeaq@yale.edu,172-695-6191,Skyble,ssm,1,program,software,kontak
Lizette Alfuso,lalfusoar@ucoz.ru,985-185-9503,Camimbo,subsidism,9,schedule,Universal,kontak
Arda Geeve,ageeveas@t.co,408-591-6705,Roomm,subsidism,10,program,Realigned,kontak
Kerrie Attfield,kattfieldat@facebook.com,641-907-3862,Yombu,sdm,3,refollow up,multi-state,whatsapp
Molli Ianittello,mianittelloau@flavors.me,801-503-2229,Twitterlist,sdm,2,schedule,Persistent,kontak
Elsbeth Tures,eturesav@com.com,899-242-2239,Riffpath,subsidism,3,refollow up,architecture,kontak
Gretna Sands-Allan,gsandsallanaw@sohu.com,938-267-0653,Skyba,subsidism,1,rapot,encompassing,kontak
Madalyn Orteaux,morteauxax@51.la,315-729-4210,Yacero,sdm,5,refollow up,Extended,wordpress
Gustave Brombell,gbrombellay@qq.com,494-397-8621,Wikibox,sdm,7,closing,solution,whatsapp
Lorelei Close,lcloseaz@dropbox.com,890-940-8371,Photojam,subsidism,3,program,disintermediate,whatsapp
Agace Goricke,agorickeb0@unblog.fr,210-476-4646,Trilia,subsidism,5,refollow up,regional,kontak
Dyna Rubery,druberyb1@github.io,354-434-1540,Skiptube,subsidism,4,closing,Reactive,whatsapp
Rosene Scudders,rscuddersb2@upenn.edu,163-768-2020,Vipe,ssm,9,refollow up,composite,wordpress
Abbi Benardette,abenardetteb3@vkontakte.ru,573-604-3686,Wikido,ssm,4,refollow up,human-resource,kontak
Diane-marie Cumesky,dcumeskyb4@delicious.com,277-814-4492,LiveZ,subsidism,2,rapot,homogeneous,whatsapp
Barbie Stilliard,bstilliardb5@arstechnica.com,767-123-6673,Blognation,subsidism,6,refollow up,analyzing,kontak
Chelsae Benning,cbenningb6@hibu.com,894-683-7287,Realbuzz,ssm,9,refollow up,budgetary management,whatsapp
Mano Birtwisle,mbirtwisleb7@craigslist.org,784-453-0760,Wordpedia,ssm,6,refollow up,analyzer,whatsapp
Rey Storch,rstorchb8@abc.net.au,430-869-3714,Riffwire,ssm,10,schedule,conglomeration,wordpress
Maryann Rew,mrewb9@icq.com,114-192-3794,Meevee,subsidism,8,refollow up,Expanded,wordpress
Norri Bartak,nbartakba@addtoany.com,817-746-2662,Jabberstorm,subsidism,10,rapot,structure,kontak
Harlin Rayner,hraynerbb@newyorker.com,908-238-4982,Skinder,subsidism,1,rapot,Fully-configurable,kontak
Emilio Larenson,elarensonbc@google.com.hk,822-692-2725,Zoombox,ssm,10,program,hierarchy,kontak
Emyle Aviss,eavissbd@ted.com,650-625-7936,Devbug,subsidism,6,refollow up,optimal,whatsapp
Yuri Peert,ypeertbe@fc2.com,508-917-2600,Youspan,subsidism,10,refollow up,Team-oriented,wordpress
Rachel Brownsworth,rbrownsworthbf@sina.com.cn,158-425-4505,Eare,subsidism,7,closing,non-volatile,whatsapp
Jehanna Barter,jbarterbg@epa.gov,188-457-4217,Flipstorm,subsidism,5,refollow up,throughput,wordpress
Pattin Caldero,pcalderobh@fda.gov,365-153-8061,Eabox,ssm,3,program,utilisation,kontak
Curt Parades,cparadesbi@salon.com,621-349-5641,Jazzy,subsidism,10,refollow up,coherent,kontak
Hildegarde Abethell,habethellbj@photobucket.com,839-887-8580,Skimia,subsidism,2,closing,Implemented,kontak
Amata Bettinson,abettinsonbk@addthis.com,585-362-6145,Rhycero,sdm,3,schedule,optimizing,kontak
Kylen Stainsby,kstainsbybl@cnet.com,380-112-7509,Innojam,sdm,4,program,fresh-thinking,wordpress
Michelina Noone,mnoonebm@shareasale.com,263-807-4703,Bubblemix,subsidism,10,refollow up,definition,kontak
Jilli Managh,jmanaghbn@netvibes.com,931-978-0907,Dabjam,sdm,10,refollow up,solution-oriented,whatsapp
Culley Hegerty,chegertybo@scribd.com,148-497-1476,Meembee,subsidism,8,program,Persistent,kontak
Yolanthe Dykins,ydykinsbp@theglobeandmail.com,894-872-6480,Jayo,ssm,4,program,model,kontak
Elnar Ware,ewarebq@yelp.com,341-839-0735,Twitterlist,subsidism,4,rapot,intermediate,kontak
Steffen MacDirmid,smacdirmidbr@ibm.com,336-631-6026,Devpulse,subsidism,7,schedule,dynamic,kontak
Iggie Mulqueeny,imulqueenybs@marriott.com,656-979-7208,Izio,sdm,10,closing,budgetary management,kontak
Hagen Belton,hbeltonbt@microsoft.com,925-637-2768,Gabvine,subsidism,2,rapot,conglomeration,wordpress
Sela Taaffe,staaffebu@booking.com,576-380-3647,Skinder,sdm,7,program,concept,whatsapp
Denver de Quesne,ddebv@geocities.com,870-505-1406,Twitterworks,subsidism,6,refollow up,client-server,whatsapp
Geraldine Denecamp,gdenecampbw@scientificamerican.com,185-915-2353,Youfeed,subsidism,9,schedule,Exclusive,wordpress
Joellyn Hamlington,jhamlingtonbx@google.nl,874-424-8398,Browsetype,ssm,6,refollow up,system engine,whatsapp
Seamus Issitt,sissittby@live.com,981-421-3232,Brainbox,subsidism,2,program,Inverse,kontak
Richy Quilkin,rquilkinbz@home.pl,129-504-9048,Browsezoom,sdm,8,refollow up,Public-key,wordpress
Hamlin Latta,hlattac0@army.mil,182-648-3969,Avavee,ssm,2,rapot,Operative,kontak
Sigvard Petegrew,spetegrewc1@intel.com,946-584-4383,Gabtune,subsidism,4,rapot,framework,wordpress
Savina Jimpson,sjimpsonc2@delicious.com,511-587-0381,Gabtune,sdm,10,schedule,Polarised,wordpress
Farrell Scading,fscadingc3@fc2.com,163-992-2755,Katz,ssm,10,rapot,Inverse,whatsapp
Deerdre Marchiso,dmarchisoc4@youtube.com,685-789-5475,Realmix,subsidism,8,refollow up,Business-focused,wordpress
Aurelea Floweth,aflowethc5@prlog.org,806-904-7781,Babbleopia,subsidism,6,program,tertiary,whatsapp
Antonio Boldt,aboldtc6@forbes.com,110-374-9934,Linktype,subsidism,2,refollow up,Stand-alone,whatsapp
Melany Hegel,mhegelc7@cnet.com,722-600-5475,BlogXS,ssm,1,program,Adaptive,whatsapp
Jo-anne Jakucewicz,jjakucewiczc8@meetup.com,329-570-5482,Ntag,ssm,8,program,Phased,wordpress
Emmalynne Fincher,efincherc9@vistaprint.com,750-932-8039,Flashdog,ssm,3,closing,success,wordpress
Reuben Budgeon,rbudgeonca@comsenz.com,115-909-6533,Shuffledrive,subsidism,4,program,Re-engineered,whatsapp
Brenda Maycock,bmaycockcb@hc360.com,729-444-6308,Linklinks,sdm,9,rapot,success,kontak
Garik Jeannard,gjeannardcc@webnode.com,773-629-9199,Devbug,subsidism,9,closing,Sharable,kontak
Celestyn McCole,cmccolecd@unesco.org,776-885-0323,Riffpath,ssm,3,closing,task-force,whatsapp
Franklyn Ghioni,fghionice@walmart.com,467-847-1488,Realcube,subsidism,1,closing,leading edge,wordpress
Torry Balog,tbalogcf@creativecommons.org,494-427-8217,Meeveo,ssm,7,program,Expanded,kontak
Laurence Mityushkin,lmityushkincg@addtoany.com,123-478-6394,Skalith,subsidism,5,program,architecture,kontak
Reta Cosstick,rcosstickch@friendfeed.com,113-693-8193,Tanoodle,subsidism,7,refollow up,solution,whatsapp
Thibaud Shipcott,tshipcottci@nature.com,619-281-8583,Oyondu,ssm,9,closing,Compatible,wordpress
Annabelle Takkos,atakkoscj@hp.com,899-515-6999,Quatz,subsidism,9,rapot,static,wordpress
Beret Turton,bturtonck@altervista.org,596-550-3713,Buzzbean,ssm,3,schedule,Integrated,kontak
Cyndy Seamer,cseamercl@godaddy.com,728-745-3518,LiveZ,subsidism,4,program,Configurable,kontak
Kinsley Sooley,ksooleycm@mtv.com,552-932-0379,Mynte,subsidism,1,schedule,interactive,wordpress
Janka Scatchar,jscatcharcn@whitehouse.gov,112-609-1797,Ailane,sdm,2,rapot,Reactive,kontak
Hildy Fort,hfortco@businesswire.com,725-483-1068,Oyondu,subsidism,3,schedule,Fundamental,whatsapp
Denise Berthelet,dbertheletcp@cpanel.net,273-566-0466,Vipe,ssm,6,schedule,zero defect,wordpress
Silvano Higbin,shigbincq@sourceforge.net,762-428-3576,Innotype,ssm,6,rapot,hybrid,kontak
Floris Peealess,fpeealesscr@cbslocal.com,155-924-5070,Twimbo,ssm,8,schedule,secured line,whatsapp
Debee Hulle,dhullecs@msu.edu,457-323-4941,JumpXS,subsidism,9,refollow up,intranet,kontak
Zachery Hanna,zhannact@arstechnica.com,497-285-4749,Skyba,ssm,4,schedule,knowledge base,wordpress
Star Altimas,saltimascu@squarespace.com,264-679-3091,Quire,subsidism,7,closing,support,kontak
Devlin Shrimpton,dshrimptoncv@ucoz.com,334-490-0729,Skivee,subsidism,9,refollow up,encompassing,wordpress
Rubina Steanyng,rsteanyngcw@ocn.ne.jp,973-378-5473,Oba,ssm,1,schedule,secondary,kontak
Harvey Oddboy,hoddboycx@blogtalkradio.com,619-153-3561,Gabspot,ssm,7,rapot,holistic,whatsapp
Bendite Lafay,blafaycy@princeton.edu,424-542-8761,Roodel,sdm,4,program,encoding,whatsapp
Euell Pressman,epressmancz@meetup.com,854-954-6763,Abatz,ssm,5,refollow up,Diverse,wordpress
Delainey Defrain,ddefraind0@weather.com,531-699-8803,JumpXS,subsidism,4,refollow up,disintermediate,whatsapp
Cherey MacCard,cmaccardd1@domainmarket.com,458-801-4450,Skilith,subsidism,2,closing,attitude,wordpress
Feliza Chalcot,fchalcotd2@sogou.com,526-618-3271,Latz,subsidism,2,rapot,Horizontal,whatsapp
Codee Youd,cyoudd3@netscape.com,786-417-9132,Dynava,ssm,7,refollow up,exuding,whatsapp
Cordelia January 1st,cjanuaryd4@digg.com,112-505-5865,Quaxo,sdm,10,refollow up,structure,kontak
Ilka Mizzi,imizzid5@auda.org.au,688-212-7500,Lazz,subsidism,8,closing,synergy,wordpress
Durward Critchley,dcritchleyd6@baidu.com,603-556-9794,Wikibox,subsidism,4,schedule,Synchronised,kontak
Angelika McIlwain,amcilwaind7@ehow.com,852-481-2375,Aimbo,subsidism,5,schedule,Focused,wordpress
Marcelle Gilluley,mgilluleyd8@nydailynews.com,287-859-2342,Kanoodle,sdm,10,refollow up,intangible,wordpress
Phil Kirtland,pkirtlandd9@skyrock.com,661-602-7785,Quatz,sdm,1,closing,logistical,whatsapp
Goddard Starie,gstarieda@phoca.cz,646-373-3719,Browsezoom,sdm,8,schedule,Virtual,wordpress
Devonne Prendergrass,dprendergrassdb@ed.gov,816-702-0527,Skyndu,subsidism,2,schedule,clear-thinking,kontak
Scarlet Rodie,srodiedc@elegantthemes.com,429-375-9407,Voonte,subsidism,2,schedule,encoding,kontak
Towny Tosspell,ttosspelldd@zdnet.com,825-670-1668,Gigazoom,sdm,10,refollow up,monitoring,wordpress
Ashely Simonich,asimonichde@fotki.com,349-863-5638,Eadel,sdm,6,program,installation,kontak
Gabi Duigan,gduigandf@apache.org,910-809-6679,Feednation,sdm,3,rapot,systemic,wordpress
Ingamar Prothero,iprotherodg@goo.gl,419-598-7146,Yacero,sdm,10,program,interface,whatsapp
Kiele Gavrielly,kgavriellydh@yolasite.com,767-887-8500,Realcube,subsidism,8,schedule,groupware,whatsapp
Shanan Blennerhassett,sblennerhassettdi@independent.co.uk,869-214-8884,Ooba,subsidism,7,closing,Reduced,kontak
Regan McKendry,rmckendrydj@squidoo.com,329-184-3894,Photobug,sdm,8,schedule,Self-enabling,wordpress
Abbey Gurnell,agurnelldk@constantcontact.com,398-707-7306,Twitterworks,sdm,4,refollow up,functionalities,whatsapp
Sasha Elsworth,selsworthdl@about.com,371-615-2524,Livetube,subsidism,6,closing,benchmark,wordpress
Stafani Mateev,smateevdm@google.cn,730-998-3069,Wordpedia,subsidism,9,closing,solution,whatsapp
Joline Cadalleder,jcadallederdn@netscape.com,561-234-0505,Mybuzz,sdm,7,closing,Customer-focused,wordpress
Camellia McCay,cmccaydo@goo.gl,495-622-8956,Viva,sdm,1,closing,Fully-configurable,whatsapp
Heidi Prantoni,hprantonidp@cafepress.com,970-840-6556,Feedbug,ssm,10,schedule,Virtual,whatsapp
Florry Heningham,fheninghamdq@vkontakte.ru,369-551-0872,Layo,sdm,3,program,Exclusive,whatsapp
Eveline Clawe,eclawedr@blog.com,201-129-5802,Dabfeed,ssm,6,closing,implementation,whatsapp
Viviene Baughen,vbaughends@facebook.com,905-469-2219,Demivee,sdm,4,program,Ameliorated,kontak
Elbertine Whistlecroft,ewhistlecroftdt@yelp.com,782-926-3832,Rhynyx,subsidism,6,refollow up,User-friendly,kontak
Lalo Iacovini,liacovinidu@ovh.net,993-845-9939,Rhyloo,subsidism,3,closing,dynamic,whatsapp
Joyce Dumberell,jdumberelldv@bigcartel.com,414-164-5140,Oba,subsidism,8,schedule,Operative,whatsapp
Fin Gourley,fgourleydw@opensource.org,453-792-5716,Brainbox,sdm,6,program,core,whatsapp
Karlee Kisby,kkisbydx@livejournal.com,529-238-4624,Skippad,ssm,5,refollow up,Centralized,whatsapp
Michal Puttock,mputtockdy@webs.com,650-832-5919,Livetube,sdm,7,schedule,orchestration,kontak
Baldwin Grissett,bgrissettdz@microsoft.com,629-702-8932,Jabbercube,subsidism,7,schedule,Reduced,kontak
Adolf Wilder,awildere0@indiegogo.com,736-523-0150,Topiclounge,ssm,7,closing,moratorium,whatsapp
Larry Sahnow,lsahnowe1@macromedia.com,275-193-8473,Roombo,subsidism,9,rapot,Synergized,wordpress
Ibrahim Coniff,iconiffe2@networksolutions.com,514-355-3389,Lajo,subsidism,3,program,intangible,wordpress
Rogers Leggen,rleggene3@odnoklassniki.ru,795-726-8110,Edgeblab,ssm,6,refollow up,hardware,whatsapp
Penelope Cruwys,pcruwyse4@tiny.cc,327-255-0958,Snaptags,subsidism,7,rapot,Customer-focused,wordpress
Kissie Kenway,kkenwaye5@github.io,440-214-8194,Riffwire,sdm,8,rapot,projection,whatsapp
Muhammad Denne,mdennee6@webs.com,260-472-0395,Quaxo,ssm,1,schedule,Graphic Interface,kontak
Bryon Learmount,blearmounte7@baidu.com,438-202-5904,Blogtag,subsidism,3,program,interactive,wordpress
Harriet Baniard,hbaniarde8@mail.ru,732-258-9512,Yata,sdm,3,closing,Universal,whatsapp
Roze Smalcombe,rsmalcombee9@odnoklassniki.ru,491-931-6870,Linkbuzz,sdm,7,schedule,multimedia,wordpress
Alyson Dufall,adufallea@pbs.org,187-271-2521,Ailane,subsidism,3,closing,project,wordpress
Rubetta Cornelius,rcorneliuseb@soundcloud.com,550-458-7143,Quaxo,sdm,6,schedule,Up-sized,kontak
Erroll Normadell,enormadellec@joomla.org,977-366-2163,Twitterlist,sdm,9,refollow up,function,whatsapp
Alane O'Bradain,aobradained@free.fr,249-446-5940,Photolist,subsidism,8,rapot,Innovative,kontak
Flemming Tomsett,ftomsettee@shinystat.com,537-905-6217,Jabbertype,ssm,1,closing,database,whatsapp
Meris Ashbe,mashbeef@jiathis.com,473-107-2855,Ailane,ssm,1,closing,Balanced,kontak
Fletcher Rampage,frampageeg@sogou.com,171-840-9527,Dazzlesphere,subsidism,8,program,Robust,whatsapp
Wyn Delacourt,wdelacourteh@sun.com,978-670-4704,Shuffledrive,subsidism,2,schedule,Innovative,whatsapp
Rufe Rotchell,rrotchellei@edublogs.org,589-537-9614,Yakijo,ssm,6,rapot,Diverse,wordpress
Ashlan Bauman,abaumanej@chronoengine.com,104-473-4994,Lajo,sdm,4,program,multi-state,kontak
Murvyn Angerstein,mangersteinek@mapquest.com,937-150-1434,Kwinu,subsidism,2,program,flexibility,whatsapp
Essy McCarrell,emccarrellel@parallels.com,239-357-5595,Yotz,sdm,1,schedule,logistical,kontak
Emelda Forrestall,eforrestallem@simplemachines.org,894-397-5196,Centidel,subsidism,1,rapot,Ameliorated,wordpress
Hughie Canet,hcaneten@rediff.com,131-959-0392,Linkbridge,sdm,9,schedule,Robust,whatsapp
Meir Stainton - Skinn,mstaintoneo@mozilla.org,140-960-2618,Realblab,ssm,3,rapot,foreground,kontak
Dru Kitcher,dkitcherep@list-manage.com,244-627-5371,Lazz,subsidism,4,schedule,upward-trending,kontak
Lynne Bliven,lbliveneq@bizjournals.com,382-542-8860,Zoombox,sdm,9,rapot,Expanded,kontak
Meghan Plewman,mplewmaner@youtube.com,783-713-0805,Muxo,sdm,7,closing,core,kontak
Louisa Slograve,lslogravees@wiley.com,380-640-6910,Devpoint,sdm,5,closing,software,whatsapp
Ezechiel Eouzan,eeouzanet@digg.com,449-421-2291,Skinte,subsidism,6,program,6th generation,kontak
Gallagher Lavens,glavenseu@berkeley.edu,386-573-0390,Twinder,subsidism,5,schedule,artificial intelligence,kontak
Bendick Malzard,bmalzardev@parallels.com,802-366-5290,Trudeo,subsidism,3,program,secondary,whatsapp
Peggy Willmont,pwillmontew@mac.com,560-197-8674,Skibox,ssm,6,rapot,Automated,wordpress
Baillie Edmonston,bedmonstonex@infoseek.co.jp,807-758-3175,Jaxworks,subsidism,5,program,responsive,whatsapp
Andras McFadyen,amcfadyeney@ask.com,419-596-5164,Browsezoom,subsidism,7,closing,structure,wordpress
Rudiger Guenther,rguentherez@kickstarter.com,420-706-4404,Mynte,subsidism,10,rapot,adapter,wordpress
Beitris Dancey,bdanceyf0@dailymotion.com,969-576-9365,Meemm,subsidism,1,program,policy,whatsapp
Bryna Loges,blogesf1@themeforest.net,702-190-0973,Jamia,subsidism,7,refollow up,Reactive,kontak
Courtenay Dallimore,cdallimoref2@alexa.com,782-481-9213,Wordware,ssm,8,rapot,process improvement,whatsapp
Calida Cheeseman,ccheesemanf3@reverbnation.com,226-497-2021,Youbridge,subsidism,3,rapot,success,wordpress
Morgan Johnsee,mjohnseef4@360.cn,394-256-2195,Agimba,subsidism,2,rapot,Pre-emptive,whatsapp
Raf Gokes,rgokesf5@npr.org,375-915-8162,Bluejam,subsidism,4,refollow up,high-level,whatsapp
Lynn Neil,lneilf6@e-recht24.de,168-267-3751,Skibox,subsidism,8,rapot,Object-based,wordpress
Ramonda Birckmann,rbirckmannf7@bandcamp.com,513-573-3484,Twinte,sdm,9,closing,Vision-oriented,wordpress
Barney Shales,bshalesf8@symantec.com,501-973-2455,Kwinu,ssm,6,schedule,Quality-focused,wordpress
Klement Gidley,kgidleyf9@photobucket.com,603-997-0886,Mymm,subsidism,7,schedule,Integrated,wordpress
Aldous Pavolillo,apavolillofa@instagram.com,776-589-8565,Zoovu,subsidism,1,refollow up,projection,kontak
Malory Hackforth,mhackforthfb@jugem.jp,278-638-0246,Feednation,sdm,1,refollow up,6th generation,wordpress
Noak Drynan,ndrynanfc@nih.gov,792-483-3850,Youspan,sdm,10,closing,Fully-configurable,whatsapp
Gay Southeran,gsoutheranfd@phoca.cz,689-491-4392,Aivee,subsidism,9,rapot,Quality-focused,kontak
Artair Meigh,ameighfe@vinaora.com,760-454-1203,Skinder,subsidism,4,program,Virtual,kontak
Sherie Rittelmeyer,srittelmeyerff@virginia.edu,731-782-6203,Kaymbo,sdm,9,schedule,Polarised,whatsapp
Shae Cotterell,scotterellfg@yolasite.com,976-507-8775,Vinte,subsidism,7,closing,real-time,kontak
Georgiana Bemrose,gbemrosefh@behance.net,936-329-3430,Jabbertype,subsidism,3,program,Virtual,wordpress
Tobin Tosdevin,ttosdevinfi@ebay.co.uk,203-237-8346,Vitz,subsidism,3,refollow up,attitude-oriented,wordpress
Babette Duckers,bduckersfj@sitemeter.com,535-303-6613,Meeveo,sdm,7,closing,needs-based,kontak
Heinrick Gorrick,hgorrickfk@miitbeian.gov.cn,278-161-3297,Twitterbridge,sdm,9,schedule,help-desk,kontak
Jocelin Jacquemot,jjacquemotfl@mozilla.com,671-322-9326,Realcube,sdm,9,rapot,core,wordpress
Genia Solloway,gsollowayfm@mlb.com,537-166-3914,Avaveo,subsidism,6,program,Down-sized,whatsapp
Tatum Storrs,tstorrsfn@networksolutions.com,506-540-5805,Skyvu,sdm,4,refollow up,function,wordpress
Rheba Andreichik,randreichikfo@creativecommons.org,908-589-7733,Vimbo,sdm,5,schedule,bi-directional,kontak
Oates Scoyles,oscoylesfp@opensource.org,674-666-2050,Dazzlesphere,subsidism,7,schedule,responsive,kontak
Olga Lemanu,olemanufq@deviantart.com,882-775-9153,Ntag,subsidism,6,program,orchestration,wordpress
Waring English,wenglishfr@disqus.com,464-167-3828,Divape,subsidism,9,schedule,Advanced,kontak
Arluene Wegman,awegmanfs@dailymail.co.uk,614-878-5801,Bubblebox,sdm,8,program,Business-focused,whatsapp
Ainslie Perago,aperagoft@wordpress.org,981-380-8097,Jamia,sdm,3,program,database,whatsapp
Natalie Orritt,norrittfu@home.pl,588-375-6617,Riffwire,ssm,1,program,optimal,wordpress
Deirdre Stutter,dstutterfv@51.la,501-903-6599,Skimia,sdm,6,schedule,value-added,wordpress
Nina Redfern,nredfernfw@quantcast.com,306-324-4014,Yambee,subsidism,9,schedule,frame,kontak
Christyna Walsh,cwalshfx@webmd.com,843-572-0896,Jetpulse,subsidism,7,rapot,client-driven,whatsapp
Daryn Rengger,drenggerfy@redcross.org,517-527-1519,Twitterbeat,subsidism,10,refollow up,algorithm,wordpress
Alard De la Perrelle,adefz@blogspot.com,721-107-3492,Miboo,sdm,9,rapot,Horizontal,kontak
Aleen Eadie,aeadieg0@home.pl,315-470-1288,Riffpath,subsidism,10,refollow up,solution,whatsapp
Merle Maulden,mmauldeng1@bluehost.com,692-652-0148,Avamm,ssm,6,program,Triple-buffered,wordpress
Lew Twelves,ltwelvesg2@intel.com,348-326-2926,Skibox,subsidism,5,rapot,Self-enabling,kontak
Sophia Gallegos,sgallegosg3@nydailynews.com,878-774-8043,Wordpedia,sdm,3,schedule,product,wordpress
Ivory Whisby,iwhisbyg4@tinypic.com,684-587-5261,Riffpedia,ssm,10,refollow up,Visionary,wordpress
Theresina Ibbeson,tibbesong5@rakuten.co.jp,601-476-9707,Fivebridge,ssm,8,program,synergy,whatsapp
Valida Piatkowski,vpiatkowskig6@theguardian.com,561-986-5839,Feedfire,sdm,7,rapot,projection,whatsapp
Saloma Elcocks,selcocksg7@edublogs.org,504-128-3623,Leenti,subsidism,3,closing,non-volatile,wordpress
Evyn Sheehan,esheehang8@artisteer.com,526-111-4671,Kimia,subsidism,10,closing,Object-based,wordpress
Alejandra Rushforth,arushforthg9@lycos.com,606-868-4890,Camimbo,subsidism,10,schedule,archive,kontak
Rik Claricoates,rclaricoatesga@msu.edu,813-369-4684,Linkbuzz,ssm,4,program,full-range,kontak
Halli Chant,hchantgb@wsj.com,840-884-7928,Avamm,sdm,6,schedule,solution,kontak
Irita O'Carran,iocarrangc@quantcast.com,464-389-6556,Dynabox,subsidism,3,closing,disintermediate,kontak
Hailey Pettifer,hpettifergd@technorati.com,796-301-7044,Pixope,subsidism,3,schedule,protocol,kontak
Washington McCart,wmccartge@sakura.ne.jp,570-487-4203,Thoughtstorm,sdm,7,closing,intangible,kontak
Marty Lewry,mlewrygf@theatlantic.com,426-588-4332,Plambee,ssm,9,program,Profit-focused,whatsapp
Tabb Brennen,tbrennengg@privacy.gov.au,347-913-3302,Riffwire,subsidism,7,rapot,value-added,kontak
Mace Mertgen,mmertgengh@over-blog.com,928-599-8373,Dynazzy,sdm,6,rapot,5th generation,kontak
Fayre Rubinfeld,frubinfeldgi@so-net.ne.jp,403-839-4521,Geba,ssm,3,rapot,Business-focused,wordpress
Samuel Itzcovich,sitzcovichgj@goo.ne.jp,217-493-1408,Bubbletube,sdm,7,closing,reciprocal,kontak
Luci Samwaye,lsamwayegk@baidu.com,373-979-7602,Mynte,sdm,2,rapot,Balanced,wordpress
Gayle Jonsson,gjonssongl@tinypic.com,940-303-4514,Feedbug,ssm,2,rapot,Vision-oriented,whatsapp
Lynnette Froschauer,lfroschauergm@domainmarket.com,552-237-8898,Thoughtbeat,sdm,6,schedule,Front-line,kontak
Austin Lambird,alambirdgn@wordpress.org,249-431-8235,Oyope,ssm,10,program,instruction set,kontak
Dwain Mullis,dmullisgo@go.com,502-248-3734,Mynte,subsidism,3,schedule,Quality-focused,wordpress
Carin Wilber,cwilbergp@issuu.com,705-452-0014,Fliptune,ssm,7,program,benchmark,wordpress
Mercedes Romeo,mromeogq@homestead.com,672-796-3682,Feednation,subsidism,7,schedule,needs-based,whatsapp
Kalvin Grunguer,kgrunguergr@1688.com,473-224-0868,Twitterwire,ssm,3,rapot,Monitored,whatsapp
Glenna Glancy,gglancygs@prnewswire.com,163-832-3530,Cogidoo,subsidism,3,rapot,next generation,wordpress
Juliann Jeyes,jjeyesgt@wikimedia.org,777-474-8772,Dabvine,subsidism,10,schedule,Switchable,kontak
Jacklin Bayle,jbaylegu@woothemes.com,502-917-6055,Skivee,ssm,10,schedule,bottom-line,wordpress
Britt Dodgson,bdodgsongv@umich.edu,295-288-6954,Eare,ssm,9,refollow up,impactful,wordpress
Sherline Kippling,skipplinggw@alibaba.com,447-406-6273,Kwilith,sdm,3,program,Synchronised,whatsapp
Mallorie Obee,mobeegx@reuters.com,647-106-7523,Voonder,subsidism,7,schedule,Extended,kontak
Sunshine Pulford,spulfordgy@github.io,235-851-8841,Trunyx,ssm,9,refollow up,high-level,kontak
Sherwynd Fogel,sfogelgz@si.edu,530-916-7120,Skyble,sdm,8,schedule,success,wordpress
Sydel Gilbank,sgilbankh0@chicagotribune.com,365-775-0196,Skipstorm,sdm,5,rapot,Switchable,kontak
Revkah Marcoolyn,rmarcoolynh1@skype.com,265-694-9804,Devpoint,subsidism,5,program,radical,kontak
Stesha Beeden,sbeedenh2@usa.gov,334-745-6104,Oyondu,sdm,7,refollow up,Re-contextualized,kontak
Janet Wallicker,jwallickerh3@cam.ac.uk,300-441-2727,Shuffledrive,ssm,10,program,extranet,whatsapp
Morganne O'Carrol,mocarrolh4@google.de,193-479-9975,Feedspan,subsidism,5,refollow up,Enhanced,wordpress
Alaster Nind,anindh5@google.pl,456-813-5087,Digitube,subsidism,8,rapot,local,kontak
Anette Luggar,aluggarh6@typepad.com,190-102-3246,Feedfire,subsidism,2,schedule,multi-state,kontak
Jasper Eick,jeickh7@prnewswire.com,131-630-9129,Yodel,subsidism,1,rapot,actuating,wordpress
Theodora Byk,tbykh8@gmpg.org,894-443-4645,Yodo,sdm,1,refollow up,help-desk,wordpress
Shayne Presser,spresserh9@illinois.edu,470-556-9903,Kaymbo,sdm,3,refollow up,capability,whatsapp
Anastasia Oleksinski,aoleksinskiha@sbwire.com,973-822-7454,Zooxo,sdm,8,program,systemic,whatsapp
Aaren Domenget,adomengethb@geocities.jp,330-430-0147,Oyoloo,subsidism,9,closing,optimizing,wordpress
Claiborn Belitz,cbelitzhc@nytimes.com,148-362-1247,Lajo,subsidism,3,schedule,infrastructure,kontak
Danette Regorz,dregorzhd@cdc.gov,754-267-5435,Yambee,sdm,3,refollow up,Reactive,kontak
Emanuel Monery,emoneryhe@mysql.com,537-805-9208,Buzzster,sdm,2,refollow up,throughput,wordpress
Lyndsay Tolussi,ltolussihf@quantcast.com,296-553-9228,Skivee,subsidism,6,schedule,dedicated,whatsapp
Cobb Fumagalli,cfumagallihg@so-net.ne.jp,328-895-7888,Demimbu,subsidism,8,schedule,homogeneous,kontak
Siusan Faltskog,sfaltskoghh@google.pl,265-486-2263,Oyonder,ssm,3,rapot,pricing structure,whatsapp
Cherin Davys,cdavyshi@usnews.com,599-730-9905,Agivu,subsidism,9,rapot,Compatible,wordpress
Ambrosio Pitfield,apitfieldhj@timesonline.co.uk,504-981-9578,Lajo,ssm,9,program,budgetary management,wordpress
Florette Filippozzi,ffilippozzihk@sohu.com,935-709-9782,Midel,subsidism,10,refollow up,Organized,wordpress
Sibelle Roscam,sroscamhl@omniture.com,915-600-3101,Jazzy,subsidism,2,rapot,heuristic,wordpress
Cybil O'Henecan,cohenecanhm@slate.com,566-574-8618,Twitterbeat,sdm,9,rapot,Horizontal,kontak
Pamela Grigolon,pgrigolonhn@samsung.com,937-439-5924,Brainlounge,ssm,6,refollow up,explicit,wordpress
Kimmie Hercock,khercockho@home.pl,829-509-4508,Wordware,subsidism,4,schedule,Visionary,wordpress
Tommie Laverenz,tlaverenzhp@purevolume.com,176-849-4885,Tavu,sdm,9,closing,Face to face,whatsapp
Mortie Carlett,mcarletthq@opera.com,466-572-0878,Browsezoom,subsidism,7,program,Mandatory,wordpress
Alwin Bursnoll,abursnollhr@yahoo.com,727-828-1595,Jabbersphere,ssm,2,rapot,Networked,wordpress
Rosalynd Kitchiner,rkitchinerhs@zimbio.com,405-780-4160,Lazz,ssm,10,schedule,framework,wordpress
Freda Mundee,fmundeeht@youtu.be,557-968-4896,Muxo,sdm,7,closing,24 hour,wordpress
Xever Skae,xskaehu@google.it,412-421-9075,Buzzshare,subsidism,4,schedule,well-modulated,wordpress
Gilbertina Dowry,gdowryhv@github.com,203-189-4233,Divavu,subsidism,9,refollow up,Multi-lateral,whatsapp
Corliss McRae,cmcraehw@unc.edu,833-795-9882,Jayo,subsidism,2,program,disintermediate,whatsapp
Dori Tessier,dtessierhx@ted.com,921-285-0969,Voomm,subsidism,6,rapot,scalable,whatsapp
Fancie Witchard,fwitchardhy@hostgator.com,613-288-2623,Linklinks,sdm,3,schedule,Enhanced,wordpress
Vanessa Dubarry,vdubarryhz@oakley.com,775-375-9403,Jabbercube,sdm,9,schedule,Customer-focused,whatsapp
Alan Vice,avicei0@fotki.com,705-824-5628,Cogidoo,subsidism,4,closing,6th generation,kontak
Daron Haizelden,dhaizeldeni1@un.org,317-766-8250,Jabberstorm,ssm,6,refollow up,productivity,wordpress
Toma Riches,trichesi2@cocolog-nifty.com,430-257-6545,Photofeed,subsidism,2,closing,hardware,whatsapp
Syman Kneesha,skneeshai3@hibu.com,921-128-5742,Ntags,subsidism,8,schedule,uniform,whatsapp
Dalis Humpherson,dhumphersoni4@aboutads.info,325-289-9607,Skyndu,ssm,7,schedule,emulation,whatsapp
Sibbie Durant,sduranti5@amazon.com,448-348-0375,Topiczoom,sdm,10,refollow up,Reactive,wordpress
Rodd Boltwood,rboltwoodi6@cdc.gov,416-733-0317,Meevee,subsidism,7,schedule,Cloned,kontak
Freeman Escreet,fescreeti7@jalbum.net,697-177-2844,Buzzdog,sdm,3,closing,Synchronised,wordpress
Cindi Brawson,cbrawsoni8@pinterest.com,556-886-0581,Buzzbean,subsidism,3,rapot,client-driven,whatsapp
Hersch Mitchell,hmitchelli9@theglobeandmail.com,557-759-5851,Leenti,subsidism,5,rapot,Stand-alone,whatsapp
Rossy Godsal,rgodsalia@webs.com,215-193-2272,Kazu,ssm,8,schedule,Right-sized,kontak
Alicia Angove,aangoveib@trellian.com,291-266-2838,Aimbo,subsidism,9,closing,Robust,whatsapp
Jessie Illing,jillingic@telegraph.co.uk,711-509-5931,Feednation,ssm,7,refollow up,Public-key,wordpress
Lynelle Hothersall,lhothersallid@pagesperso-orange.fr,930-408-9096,Muxo,subsidism,7,program,moderator,whatsapp
Jessi Creaser,jcreaserie@yandex.ru,283-380-6510,Bubblebox,ssm,3,schedule,throughput,kontak
Alair Lothean,alotheanif@csmonitor.com,193-260-2837,Centizu,ssm,4,rapot,encryption,kontak
Fowler Jessen,fjessenig@amazon.de,927-500-8672,Oyoyo,ssm,8,refollow up,monitoring,whatsapp
Alfi Dod,adodih@weebly.com,506-492-0672,Oyonder,sdm,2,refollow up,matrix,whatsapp
Diana Mularkey,dmularkeyii@hud.gov,360-383-9288,Brainlounge,sdm,2,refollow up,bifurcated,kontak
Baird Silverstone,bsilverstoneij@shutterfly.com,138-650-8265,Agimba,subsidism,2,refollow up,service-desk,whatsapp
Dorie Greenhead,dgreenheadik@wordpress.org,628-417-4142,Skynoodle,subsidism,5,refollow up,mission-critical,whatsapp
Sindee Cutmore,scutmoreil@moonfruit.com,255-782-1392,Realcube,subsidism,3,closing,methodical,kontak
Haskel Keasy,hkeasyim@spotify.com,958-491-5057,Edgeblab,ssm,6,refollow up,policy,kontak
Giraud Cosford,gcosfordin@baidu.com,155-461-5577,Avavee,ssm,2,program,uniform,whatsapp
Errol Andrivel,eandrivelio@arstechnica.com,712-663-7608,Vitz,subsidism,10,refollow up,cohesive,kontak
Tate Pococke,tpocockeip@miibeian.gov.cn,872-701-6441,Leexo,subsidism,7,refollow up,capacity,kontak
Concordia Yarnall,cyarnalliq@berkeley.edu,454-744-2891,Vimbo,ssm,2,refollow up,Re-engineered,kontak
Thelma Elsdon,telsdonir@joomla.org,947-959-9892,Youtags,subsidism,1,refollow up,Innovative,wordpress
Conrad Picot,cpicotis@moonfruit.com,200-592-2415,Browsecat,ssm,1,closing,scalable,kontak
Margaretta Jenkerson,mjenkersonit@cloudflare.com,818-317-8901,Ntags,subsidism,2,closing,leading edge,kontak
Ingaberg Took,itookiu@soup.io,336-841-0863,Zoonoodle,ssm,9,program,intermediate,kontak
Rania Geibel,rgeibeliv@answers.com,725-678-9903,Feedmix,subsidism,5,schedule,knowledge base,wordpress
Jan Cowtherd,jcowtherdiw@domainmarket.com,368-372-9536,Viva,sdm,2,refollow up,array,kontak
Lidia Wolland,lwollandix@pagesperso-orange.fr,743-624-0203,Browsezoom,subsidism,7,schedule,neutral,whatsapp
Odele Alastair,oalastairiy@yahoo.co.jp,814-109-3875,Shufflebeat,subsidism,7,program,Triple-buffered,kontak
Pamela Goodbanne,pgoodbanneiz@de.vu,559-983-1427,Trunyx,sdm,5,refollow up,collaboration,whatsapp
Jessika Holworth,jholworthj0@wikipedia.org,860-799-5432,Gabtune,subsidism,7,program,Up-sized,whatsapp
Kassey Devinn,kdevinnj1@who.int,545-618-1017,Wikido,subsidism,6,closing,capability,whatsapp
Una MacNeillie,umacneilliej2@hugedomains.com,888-190-1650,Cogilith,subsidism,10,schedule,intermediate,kontak
Karee Bolwell,kbolwellj3@reference.com,998-384-0831,Meezzy,ssm,4,refollow up,Diverse,wordpress
Ase Kelberer,akelbererj4@google.com,688-590-5876,Camimbo,sdm,7,schedule,knowledge base,wordpress
Carri Dartnell,cdartnellj5@ameblo.jp,141-572-7698,Youspan,sdm,1,rapot,Team-oriented,kontak
Cheri Doding,cdodingj6@amazon.com,751-518-2440,Tazzy,subsidism,1,rapot,Self-enabling,wordpress
Rahal Gentil,rgentilj7@sun.com,847-311-6447,Topdrive,subsidism,5,program,human-resource,wordpress
Wilbur Bedder,wbedderj8@microsoft.com,796-704-7789,Flashset,subsidism,9,refollow up,systemic,kontak
Madelina Noke,mnokej9@unesco.org,621-848-5696,Topicblab,sdm,1,refollow up,Integrated,wordpress
Hale Edmonston,hedmonstonja@arizona.edu,582-789-0641,Meemm,sdm,4,schedule,Re-engineered,whatsapp
Amitie Lillow,alillowjb@indiegogo.com,581-771-9517,Topicblab,sdm,6,rapot,structure,wordpress
Udall Malser,umalserjc@about.me,980-559-5983,Rhyzio,subsidism,9,schedule,Cross-platform,kontak
Dag McMorran,dmcmorranjd@cbc.ca,728-179-3898,Leexo,subsidism,5,rapot,Vision-oriented,kontak
Kasper Bourdis,kbourdisje@sphinn.com,387-141-9010,Gabtype,ssm,4,refollow up,Networked,wordpress
Kellen Haston,khastonjf@earthlink.net,430-179-2105,Quatz,ssm,6,refollow up,portal,wordpress
Abbi Gudge,agudgejg@google.nl,436-363-9630,Centimia,subsidism,6,refollow up,algorithm,whatsapp
Hewett Ambroz,hambrozjh@quantcast.com,816-701-4112,Trunyx,subsidism,3,refollow up,Horizontal,whatsapp
Dyanna Keats,dkeatsji@wiley.com,826-786-1683,Divape,subsidism,4,rapot,infrastructure,wordpress
Zenia Twitchett,ztwitchettjj@fastcompany.com,767-963-0837,Flashdog,subsidism,3,refollow up,time-frame,whatsapp
Ruby Balaam,rbalaamjk@yale.edu,482-357-2312,Zoovu,subsidism,2,rapot,needs-based,kontak
Carleton Alliston,callistonjl@creativecommons.org,339-798-1104,Gabtype,subsidism,4,rapot,Centralized,wordpress
Micheal Beviss,mbevissjm@wp.com,332-425-6188,Shuffledrive,sdm,8,refollow up,monitoring,kontak
Holt Stuer,hstuerjn@barnesandnoble.com,551-591-2195,Feedmix,sdm,1,rapot,User-centric,kontak
Sascha McCurtain,smccurtainjo@ebay.co.uk,201-112-0552,Browsetype,subsidism,6,rapot,Customer-focused,wordpress
Royall Beet,rbeetjp@vkontakte.ru,118-220-8363,Skyba,sdm,2,rapot,attitude,kontak
Giorgi Pullan,gpullanjq@epa.gov,449-367-1259,Jayo,subsidism,5,rapot,matrix,whatsapp
Olva Knifton,okniftonjr@nbcnews.com,341-226-6997,Jayo,subsidism,9,closing,next generation,wordpress
Darnell Simenel,dsimeneljs@latimes.com,203-395-6856,Twiyo,subsidism,6,program,core,kontak
Yves Danielut,ydanielutjt@phoca.cz,548-816-8321,Feedfish,subsidism,2,refollow up,logistical,kontak
Moise Tebbett,mtebbettju@pen.io,570-149-8959,Realpoint,subsidism,10,closing,bi-directional,whatsapp
Lanae Bewly,lbewlyjv@yale.edu,551-683-4339,Zoomzone,sdm,2,schedule,analyzing,whatsapp
Kora Galloway,kgallowayjw@yale.edu,891-611-0352,Mydo,sdm,7,program,pricing structure,wordpress
Ileane Levins,ilevinsjx@nature.com,419-685-8004,Gigazoom,subsidism,8,schedule,upward-trending,whatsapp
Gloria Coping,gcopingjy@tmall.com,630-775-9451,Shufflester,subsidism,1,refollow up,dedicated,whatsapp
Sam Anthona,santhonajz@patch.com,119-352-9422,Ntag,sdm,9,closing,Ameliorated,kontak
Valerie Woof,vwoofk0@statcounter.com,495-690-6927,Kwilith,subsidism,9,program,Future-proofed,wordpress
Staford Gasgarth,sgasgarthk1@flickr.com,883-774-5582,Zooxo,subsidism,2,schedule,transitional,whatsapp
Matelda Mahody,mmahodyk2@virginia.edu,730-839-9872,Twiyo,ssm,4,rapot,6th generation,kontak
Pansy Mousley,pmousleyk3@vk.com,791-940-7515,Riffpath,ssm,1,closing,asymmetric,whatsapp
Tarrah Raikes,traikesk4@youtube.com,879-818-1423,Voonix,sdm,10,refollow up,hardware,wordpress
Corissa Carnock,ccarnockk5@google.com.hk,519-861-2941,Quimm,subsidism,1,rapot,human-resource,kontak
Cassaundra Gregersen,cgregersenk6@squarespace.com,727-643-1784,Muxo,subsidism,8,rapot,system engine,whatsapp
Joella Dake,jdakek7@multiply.com,515-496-0182,Meetz,subsidism,5,closing,framework,whatsapp
Alyss Yeudall,ayeudallk8@live.com,936-512-9969,Voonder,ssm,6,schedule,Centralized,kontak
Emma Wagon,ewagonk9@hugedomains.com,279-144-6959,Eabox,subsidism,3,closing,middleware,whatsapp
Chase Goly,cgolyka@yale.edu,768-255-5869,BlogXS,subsidism,7,schedule,Graphical User Interface,wordpress
Chelsea Tomkies,ctomkieskb@ovh.net,918-249-7428,Jaxspan,subsidism,8,program,Implemented,kontak
Brett Mapledorum,bmapledorumkc@sfgate.com,248-751-2654,Katz,subsidism,2,closing,Seamless,wordpress
Tamar Trigwell,ttrigwellkd@facebook.com,254-597-8531,Youspan,subsidism,7,program,concept,kontak
Halie Conroy,hconroyke@trellian.com,471-390-6780,Twitterlist,ssm,3,schedule,emulation,wordpress
Shari Diack,sdiackkf@cdbaby.com,520-240-0995,Flashdog,subsidism,9,closing,24/7,wordpress
Corina Sharvill,csharvillkg@dedecms.com,832-854-2464,Yombu,ssm,8,refollow up,Front-line,whatsapp
Madella Dandie,mdandiekh@free.fr,814-875-4042,Kare,subsidism,8,closing,firmware,wordpress
Peterus Petru,ppetruki@tripod.com,782-885-9047,Meetz,subsidism,5,rapot,Synergistic,kontak
Nevile Huggett,nhuggettkj@wisc.edu,372-597-6012,Kazu,ssm,5,rapot,challenge,kontak
Jamil Izard,jizardkk@foxnews.com,647-571-5274,Rooxo,sdm,9,closing,benchmark,wordpress
Cirstoforo Tollfree,ctollfreekl@example.com,846-243-0647,Miboo,sdm,8,schedule,initiative,kontak
Dre Grishechkin,dgrishechkinkm@cyberchimps.com,964-896-6551,Avamba,subsidism,3,refollow up,secured line,whatsapp
Roanne Quiddinton,rquiddintonkn@npr.org,406-435-1291,Npath,subsidism,1,refollow up,artificial intelligence,kontak
Dory Axup,daxupko@taobao.com,399-465-0518,Quatz,subsidism,2,schedule,executive,kontak
Durant Eads,deadskp@bing.com,339-760-2033,Skipstorm,subsidism,7,program,clear-thinking,whatsapp
Zorina Coorington,zcooringtonkq@desdev.cn,152-712-4155,Pixonyx,subsidism,7,program,cohesive,kontak
Morrie Lyttle,mlyttlekr@zdnet.com,185-610-3350,Yakidoo,sdm,1,program,Automated,whatsapp
Averill Hailston,ahailstonks@purevolume.com,612-483-4690,Youfeed,subsidism,10,refollow up,neutral,whatsapp
Jenny Habben,jhabbenkt@bbc.co.uk,359-789-9422,Devshare,subsidism,1,refollow up,Optimized,whatsapp
Lorilee Coupar,lcouparku@homestead.com,636-374-8844,Realbridge,subsidism,3,program,productivity,kontak
Foss Morfell,fmorfellkv@shinystat.com,154-110-9988,DabZ,subsidism,6,refollow up,interface,whatsapp
Oona Tatershall,otatershallkw@netvibes.com,551-641-5308,Twitterlist,subsidism,5,closing,toolset,whatsapp
Lief Bothen,lbothenkx@house.gov,793-322-2733,Innojam,sdm,7,program,hub,whatsapp
Garald Meldon,gmeldonky@unesco.org,370-799-8391,Vitz,subsidism,2,closing,access,whatsapp
Nathaniel Cream,ncreamkz@wsj.com,485-964-5131,Topiczoom,subsidism,10,program,projection,kontak
Ingelbert Donahue,idonahuel0@google.es,525-451-4392,Brainbox,subsidism,9,refollow up,superstructure,kontak
Odelle Diggle,odigglel1@e-recht24.de,197-354-7143,Gigazoom,subsidism,10,program,software,wordpress
Farley Edwicke,fedwickel2@addthis.com,337-588-5038,Oba,sdm,8,closing,collaboration,kontak
Fulton Lammertz,flammertzl3@upenn.edu,186-812-6426,Rhynoodle,ssm,1,schedule,dynamic,whatsapp
Blayne Moreside,bmoresidel4@reuters.com,132-796-6622,Twitterworks,ssm,1,rapot,function,wordpress
Chic Grange,cgrangel5@geocities.com,366-531-7922,Twitterbeat,subsidism,3,rapot,toolset,whatsapp
Willey Ducket,wducketl6@booking.com,983-717-8197,Twitterworks,sdm,6,rapot,5th generation,wordpress
Omero Stickler,osticklerl7@liveinternet.ru,531-905-2325,Feednation,subsidism,7,rapot,website,kontak
Dodi Piatti,dpiattil8@lulu.com,439-306-4732,Topiclounge,subsidism,9,rapot,info-mediaries,wordpress
Jae Ping,jpingl9@vistaprint.com,530-688-0576,Topicstorm,subsidism,2,program,executive,whatsapp
Theressa Witchalls,twitchallsla@upenn.edu,543-924-9985,Jaxspan,subsidism,6,rapot,algorithm,whatsapp
Noah Humphrey,nhumphreylb@rediff.com,794-838-7940,Thoughtmix,ssm,5,schedule,architecture,kontak
Bobette Rojel,brojellc@hc360.com,782-804-3029,Twinder,sdm,7,schedule,frame,kontak
Dode Lackmann,dlackmannld@tumblr.com,170-508-7420,Skiba,ssm,6,closing,Cross-group,whatsapp
Thomasine Gynni,tgynnile@goo.gl,982-900-0882,Camimbo,sdm,8,program,Polarised,whatsapp
Karlen Middell,kmiddelllf@mac.com,540-126-7883,Tagchat,ssm,3,rapot,Triple-buffered,kontak
Doralyn Jermy,djermylg@hhs.gov,659-236-5936,Skyvu,subsidism,5,program,model,whatsapp
Rena Lerer,rlererlh@privacy.gov.au,941-651-6767,Oba,ssm,6,rapot,extranet,wordpress
Bernita Lydall,blydallli@seattletimes.com,590-385-6654,Jetwire,sdm,3,schedule,product,whatsapp
Dukey Capinetti,dcapinettilj@dagondesign.com,187-546-3581,Fadeo,sdm,5,schedule,task-force,whatsapp
Win Bayle,wbaylelk@wunderground.com,913-367-7219,Jabberbean,sdm,4,program,Persevering,wordpress
Parke Lazarus,plazarusll@mozilla.org,269-121-8104,Abatz,ssm,4,refollow up,24 hour,whatsapp
Roch Hunter,rhunterlm@cmu.edu,524-508-4046,Eabox,sdm,3,program,superstructure,wordpress
Vale Connechy,vconnechyln@g.co,760-148-7889,Mymm,subsidism,3,refollow up,tangible,whatsapp
Englebert Garbutt,egarbuttlo@weibo.com,890-194-4975,Gabvine,subsidism,6,program,Organized,whatsapp
Todd Nottram,tnottramlp@blogspot.com,913-286-2692,Oyope,sdm,2,program,challenge,whatsapp
Maddy Becconsall,mbecconsalllq@hostgator.com,300-359-1099,Skaboo,sdm,4,closing,software,whatsapp
Kellie Bowling,kbowlinglr@networksolutions.com,952-885-9203,Twitterworks,ssm,10,program,zero administration,whatsapp
Zacherie Moxom,zmoxomls@geocities.jp,663-238-4694,Yakidoo,sdm,4,refollow up,Implemented,wordpress
Dottie Blanpein,dblanpeinlt@uiuc.edu,799-730-6900,Voomm,subsidism,2,schedule,concept,kontak
Arther Lamping,alampinglu@w3.org,479-374-8582,Realblab,subsidism,3,rapot,flexibility,whatsapp
Greta Baynham,gbaynhamlv@ovh.net,933-739-3504,Babbleopia,sdm,9,closing,Virtual,wordpress
Evelin Cammis,ecammislw@addtoany.com,516-437-4603,Dabfeed,ssm,1,program,Face to face,wordpress
Meade Verry,mverrylx@toplist.cz,823-434-8734,Yozio,ssm,2,closing,middleware,wordpress
Chickie Haythornthwaite,chaythornthwaitely@fc2.com,160-900-4220,Quire,ssm,5,closing,middleware,wordpress
Perkin Breckwell,pbreckwelllz@google.ca,356-937-1232,Meevee,subsidism,9,program,client-driven,kontak
Marshal Mullender,mmullenderm0@accuweather.com,317-506-9788,Dabfeed,subsidism,2,closing,neural-net,wordpress
Valentijn Fulks,vfulksm1@hostgator.com,370-115-5624,Eabox,sdm,3,refollow up,Quality-focused,wordpress
Marchall Farloe,mfarloem2@tiny.cc,890-637-2834,Voolith,subsidism,3,closing,Face to face,whatsapp
Matty Potebury,mpoteburym3@google.cn,800-565-4358,Ozu,subsidism,1,program,executive,kontak
Roselin Swadlen,rswadlenm4@cdc.gov,158-241-7728,Thoughtbeat,ssm,9,closing,Grass-roots,whatsapp
Sigismund Burless,sburlessm5@360.cn,836-601-9662,Dazzlesphere,sdm,5,schedule,high-level,wordpress
Regine Howsley,rhowsleym6@yandex.ru,568-491-0054,Zoomzone,sdm,9,schedule,help-desk,whatsapp
Tabatha Dorton,tdortonm7@bizjournals.com,473-409-2706,Skyvu,sdm,7,program,Sharable,kontak
Marcelle Hendrix,mhendrixm8@si.edu,157-193-4066,Zooxo,subsidism,1,rapot,emulation,wordpress
Washington Perritt,wperrittm9@ask.com,502-630-1522,Snaptags,ssm,8,rapot,multi-state,wordpress
Philly Breckon,pbreckonma@seattletimes.com,380-682-1339,Jaxworks,subsidism,4,program,software,kontak
Abeu Sea,aseamb@adobe.com,312-982-9441,Plajo,sdm,8,closing,bottom-line,kontak
Cicely Birchenough,cbirchenoughmc@cnet.com,962-943-9045,Mita,subsidism,8,program,time-frame,whatsapp
Gunilla Blunsom,gblunsommd@epa.gov,348-335-3008,Dabfeed,subsidism,9,refollow up,motivating,wordpress
Salomo Hebborn,shebbornme@businessweek.com,796-420-5282,Yambee,sdm,10,refollow up,Quality-focused,kontak
Corny Boam,cboammf@google.de,638-495-5011,Twitterworks,sdm,6,rapot,executive,whatsapp
Malvin Branno,mbrannomg@yahoo.co.jp,227-952-6006,Nlounge,subsidism,10,schedule,hierarchy,kontak
Ephrayim Gentsch,egentschmh@scribd.com,516-773-3493,Realbuzz,subsidism,6,rapot,Function-based,wordpress
Yves Mattingley,ymattingleymi@usgs.gov,863-730-0255,Fadeo,ssm,4,refollow up,Optimized,kontak
Maryl Pledger,mpledgermj@nba.com,828-453-4203,Jayo,ssm,8,refollow up,contingency,whatsapp
Janaye Degg,jdeggmk@linkedin.com,627-560-7736,Realmix,ssm,9,refollow up,system engine,whatsapp
Bethena Eat,beatml@utexas.edu,767-841-0501,Voonyx,sdm,2,closing,Programmable,wordpress
Graham Harcombe,gharcombemm@cnbc.com,819-780-6635,Chatterpoint,subsidism,5,rapot,complexity,wordpress
Lennard Constantinou,lconstantinoumn@live.com,292-518-4627,Twitterworks,sdm,6,refollow up,Synchronised,wordpress
Danit MacMenamy,dmacmenamymo@businesswire.com,536-511-1386,Podcat,subsidism,4,schedule,internet solution,whatsapp
Legra Dellow,ldellowmp@hibu.com,817-631-0725,Dabjam,ssm,5,rapot,Face to face,whatsapp
Bevon Brealey,bbrealeymq@psu.edu,804-694-4067,Browseblab,ssm,6,closing,Reactive,whatsapp
Joeann Parsisson,jparsissonmr@hp.com,643-571-2160,Skalith,ssm,7,rapot,Expanded,kontak
Betti Bumphrey,bbumphreyms@domainmarket.com,806-432-0977,Mybuzz,subsidism,6,refollow up,Multi-tiered,kontak
Isahella Gorman,igormanmt@intel.com,330-949-7434,Brainsphere,subsidism,7,closing,client-server,wordpress
Arlyn Zanetello,azanetellomu@tripod.com,591-499-4425,Dabtype,sdm,4,closing,focus group,wordpress
Audra Canter,acantermv@taobao.com,525-899-5006,Edgeclub,sdm,4,closing,help-desk,kontak
Gail Bramsom,gbramsommw@soundcloud.com,548-377-8866,Innotype,subsidism,6,closing,upward-trending,whatsapp
Kristina Edgcombe,kedgcombemx@smh.com.au,302-645-1435,Plambee,sdm,9,closing,structure,wordpress
Reggie Lezemore,rlezemoremy@foxnews.com,944-685-7705,Riffpath,subsidism,9,rapot,Multi-channelled,kontak
Enrique Armer,earmermz@topsy.com,792-802-2920,Skyba,subsidism,10,refollow up,hub,kontak
Ignatius De Leek,iden0@angelfire.com,599-848-0606,Buzzster,sdm,2,schedule,Organized,kontak
Juanita Lea,jlean1@godaddy.com,193-339-7199,Topicblab,ssm,4,rapot,budgetary management,kontak
Hurleigh Carrett,hcarrettn2@bbb.org,710-884-1367,Avavee,ssm,4,schedule,challenge,whatsapp
Jinny Reck,jreckn3@yahoo.co.jp,733-273-3947,Shufflebeat,ssm,2,refollow up,regional,wordpress
Fionna Karsh,fkarshn4@addtoany.com,848-322-8177,Muxo,sdm,2,schedule,object-oriented,kontak
Billie Rochford,brochfordn5@amazonaws.com,868-721-1617,Riffpath,subsidism,5,schedule,multi-state,kontak
Jase Dispencer,jdispencern6@cdc.gov,183-396-9897,Teklist,subsidism,8,rapot,Monitored,whatsapp
Farand Patise,fpatisen7@imdb.com,707-962-8831,Kwideo,subsidism,8,program,function,kontak
Ced Le Bosse,clen8@posterous.com,389-823-6274,Meejo,subsidism,10,program,optimizing,whatsapp
Cordie Cockitt,ccockittn9@vimeo.com,889-564-7230,Mynte,ssm,6,refollow up,emulation,whatsapp
Saundra Kmieciak,skmieciakna@4shared.com,747-414-6931,Jaxspan,subsidism,10,schedule,definition,whatsapp
Corby Delort,cdelortnb@chron.com,842-121-6047,Meezzy,subsidism,9,program,even-keeled,wordpress
Winfred Boshier,wboshiernc@blinklist.com,633-921-5632,Shufflebeat,ssm,5,program,Focused,kontak
Ozzie Derrick,oderricknd@opensource.org,640-583-2990,Skynoodle,ssm,3,program,system engine,wordpress
Barny Valsler,bvalslerne@jalbum.net,653-717-5378,Realpoint,ssm,10,closing,benchmark,whatsapp
Carmel Wardlaw,cwardlawnf@nasa.gov,345-440-2944,Yombu,subsidism,3,rapot,Front-line,whatsapp
Violette Matushenko,vmatushenkong@indiatimes.com,161-708-9240,Skiba,subsidism,1,refollow up,context-sensitive,wordpress
Reamonn Week,rweeknh@slashdot.org,856-586-9622,Tazz,ssm,2,refollow up,Progressive,wordpress
Nealson Strettell,nstrettellni@hao123.com,939-137-3200,Rhyloo,subsidism,6,program,software,whatsapp
Noreen Mathieson,nmathiesonnj@oracle.com,883-815-1163,Realpoint,subsidism,4,schedule,Decentralized,wordpress
Roby Rotter,rrotternk@google.co.uk,712-247-9385,Zazio,ssm,6,closing,protocol,wordpress
Tremayne Yankin,tyankinnl@salon.com,903-922-9532,Jaxspan,subsidism,7,schedule,customer loyalty,wordpress
Maye Adamovich,madamovichnm@spotify.com,443-242-5331,Meezzy,subsidism,6,schedule,project,kontak
Prentiss Wyldes,pwyldesnn@desdev.cn,112-236-7836,Eabox,subsidism,1,refollow up,bottom-line,whatsapp
Kora Yerborn,kyerbornno@people.com.cn,865-463-4326,Demivee,sdm,3,rapot,software,kontak
Adelind Osselton,aosseltonnp@forbes.com,386-272-9213,Yotz,ssm,7,rapot,Ergonomic,whatsapp
Faustina Gregorace,fgregoracenq@about.com,770-816-1867,Browsezoom,ssm,2,closing,toolset,wordpress
Drusilla Haggar,dhaggarnr@icio.us,965-270-6588,Yodoo,subsidism,8,rapot,intangible,whatsapp
Karleen Loweth,klowethns@dailymail.co.uk,443-494-0115,Dabvine,sdm,8,rapot,Universal,kontak
Pam Doble,pdoblent@blogtalkradio.com,917-616-8298,Jetwire,sdm,6,rapot,asynchronous,kontak
Miner Childrens,mchildrensnu@histats.com,559-557-4462,Twitternation,ssm,9,rapot,knowledge user,kontak
Hobard Yancey,hyanceynv@dyndns.org,264-505-9991,Jabbertype,subsidism,4,program,didactic,kontak
Nannette Youell,nyouellnw@plala.or.jp,510-789-5721,Kwideo,subsidism,3,schedule,time-frame,whatsapp
Myrtia Babb,mbabbnx@imdb.com,880-769-4205,Trilia,subsidism,2,rapot,Monitored,whatsapp
Vanya Emanuel,vemanuelny@ibm.com,333-606-1884,Eidel,sdm,9,closing,intranet,wordpress
Shea Jocic,sjocicnz@wordpress.com,368-503-5938,Omba,subsidism,6,rapot,Synchronised,whatsapp
Noami Tremoille,ntremoilleo0@google.ca,984-204-0049,Riffwire,subsidism,2,closing,Robust,whatsapp
Sada Blemings,sblemingso1@ovh.net,282-331-2647,Topdrive,subsidism,1,program,needs-based,kontak
Rolfe Delph,rdelpho2@shutterfly.com,222-588-4887,Snaptags,subsidism,9,closing,flexibility,whatsapp
Dorita Vipan,dvipano3@i2i.jp,871-720-2009,Yodoo,sdm,7,schedule,attitude-oriented,kontak
Bendicty Kirton,bkirtono4@symantec.com,340-524-8373,Zoomlounge,sdm,8,refollow up,Innovative,whatsapp
Yorker Cases,ycaseso5@google.es,570-532-5886,Eazzy,ssm,8,rapot,fresh-thinking,whatsapp
Sarina Laidlow,slaidlowo6@yahoo.co.jp,551-729-4072,Zoonder,sdm,10,refollow up,instruction set,whatsapp
Hilario Riccard,hriccardo7@hugedomains.com,654-426-0116,Linkbuzz,sdm,3,refollow up,encoding,whatsapp
Steffie Bowskill,sbowskillo8@cpanel.net,986-435-0502,Quinu,ssm,9,refollow up,optimizing,whatsapp
Emerson Pettigrew,epettigrewo9@arstechnica.com,920-767-3695,Voolia,subsidism,1,refollow up,Business-focused,kontak
Stormie Bentham3,sbenthamoa@youtube.com,504-253-7834,Twitterworks,ssm,10,refollow up,function,wordpress
Martguerita Castenda,mcastendaob@squarespace.com,217-650-0300,Kwideo,ssm,8,rapot,circuit,kontak
Filberte Greenrde,fgreenrdeoc@disqus.com,343-305-7586,Realbuzz,sdm,4,program,static,kontak
Lurette Rudolfer,lrudolferod@home.pl,505-659-9567,Skidoo,subsidism,10,program,methodical,whatsapp
Brooke Veschambes,bveschambesoe@g.co,554-563-0954,Edgetag,sdm,4,rapot,instruction set,whatsapp
Errick Grigor,egrigorof@ed.gov,879-555-3961,Browsezoom,sdm,3,program,demand-driven,whatsapp
Derrik Lundy,dlundyog@altervista.org,395-827-9628,Dazzlesphere,subsidism,2,refollow up,adapter,wordpress
Jermayne Jzhakov,jjzhakovoh@hugedomains.com,227-195-6052,Eire,ssm,10,schedule,Optional,wordpress
Shurwood McCartan,smccartanoi@acquirethisname.com,110-851-1280,Vidoo,sdm,3,refollow up,Face to face,whatsapp
Alasteir Caplen,acaplenoj@qq.com,879-638-4954,Rhyloo,subsidism,8,program,Stand-alone,whatsapp
Meara Michael,mmichaelok@example.com,428-455-6612,Eadel,subsidism,4,refollow up,bi-directional,kontak
Zebedee Hannabus,zhannabusol@topsy.com,685-239-1437,Babbleset,ssm,9,program,policy,whatsapp
Rey Dukelow,rdukelowom@uol.com.br,647-495-4013,Zoonoodle,subsidism,1,refollow up,User-friendly,whatsapp
Sharron Yeates,syeateson@time.com,852-442-1365,Tagpad,sdm,2,rapot,projection,whatsapp
Clea Files,cfilesoo@bandcamp.com,810-221-7558,Gigaclub,ssm,7,program,user-facing,whatsapp
Doris Andreasen,dandreasenop@chronoengine.com,151-863-5826,Tekfly,sdm,4,refollow up,superstructure,kontak
Guenna Gairdner,ggairdneroq@xing.com,453-186-4339,Blognation,ssm,8,rapot,24 hour,whatsapp
Flory Bragg,fbraggor@samsung.com,203-545-2854,Omba,subsidism,4,schedule,Polarised,wordpress
Christoforo Bourton,cbourtonos@psu.edu,343-784-8037,Leexo,ssm,7,refollow up,Managed,whatsapp
Opalina Sayles,osaylesot@hp.com,915-841-9588,Npath,ssm,3,schedule,Horizontal,wordpress
Devy Berni,dberniou@aol.com,441-730-8256,Meembee,subsidism,2,refollow up,Configurable,kontak
Berne Mosson,bmossonov@google.com.br,330-841-3041,Oyoloo,subsidism,2,schedule,homogeneous,whatsapp
Vanny Butte,vbutteow@utexas.edu,639-821-1769,Flipstorm,subsidism,6,refollow up,Team-oriented,kontak
Hilde Gradwell,hgradwellox@yellowbook.com,923-193-5835,Skilith,ssm,8,refollow up,asynchronous,wordpress
Conrade Pavy,cpavyoy@yale.edu,483-425-5597,Gabvine,subsidism,3,refollow up,architecture,whatsapp
Shayne Fotherby,sfotherbyoz@google.de,824-754-9718,Kimia,ssm,2,program,even-keeled,wordpress
Giulietta Kelner,gkelnerp0@linkedin.com,942-789-6512,Dabshots,subsidism,7,schedule,uniform,wordpress
Gale Getley,ggetleyp1@yandex.ru,915-837-1595,Realcube,subsidism,4,refollow up,demand-driven,whatsapp
Tove Rickhuss,trickhussp2@live.com,294-312-3204,Avamba,ssm,3,closing,system-worthy,wordpress
Herbie Bucke,hbuckep3@deliciousdays.com,270-881-8128,Livefish,ssm,9,closing,Enterprise-wide,wordpress
Randa Bewfield,rbewfieldp4@who.int,566-955-4717,Wikizz,sdm,6,rapot,interactive,wordpress
Josey Kinneir,jkinneirp5@sciencedaily.com,583-944-7841,Buzzbean,sdm,7,closing,needs-based,wordpress
Porter Youngman,pyoungmanp6@youtube.com,792-408-3099,Realmix,subsidism,8,program,process improvement,kontak
Catlaina Barajaz,cbarajazp7@cbsnews.com,288-881-0255,Shufflester,subsidism,8,rapot,holistic,whatsapp
Jaclyn Frodsham,jfrodshamp8@eepurl.com,600-388-7688,Centimia,subsidism,6,closing,Realigned,whatsapp
Goldi Duffin,gduffinp9@tinypic.com,576-983-1119,Bubbletube,ssm,3,schedule,local,kontak
Averyl Dielhenn,adielhennpa@yellowbook.com,262-926-2986,Mycat,subsidism,4,program,De-engineered,whatsapp
Raff Bahde,rbahdepb@mac.com,296-514-3978,Muxo,ssm,7,rapot,value-added,wordpress
Tommy Towll,ttowllpc@sakura.ne.jp,695-657-2545,Rhyloo,sdm,9,closing,Synergized,kontak
Alphard Russe,arussepd@acquirethisname.com,290-989-9127,Tagfeed,subsidism,1,schedule,Multi-channelled,whatsapp
Allie Hazeldene,ahazeldenepe@census.gov,721-678-5004,Babbleopia,subsidism,5,program,Multi-channelled,whatsapp
Tiebout Davis,tdavispf@usnews.com,830-899-0132,Dabjam,subsidism,3,rapot,fresh-thinking,kontak
Yance Parkhouse,yparkhousepg@de.vu,140-385-2547,Trudoo,ssm,6,schedule,methodical,kontak
Wendall O'Sherrin,wosherrinph@japanpost.jp,656-181-5383,Kamba,sdm,3,program,Customer-focused,whatsapp
Evelyn McGerraghty,emcgerraghtypi@hostgator.com,567-724-0411,Gabtype,subsidism,2,refollow up,eco-centric,whatsapp
Chrysa Betchley,cbetchleypj@oaic.gov.au,165-762-9550,Vinte,subsidism,7,program,leading edge,kontak
Dolores Crosseland,dcrosselandpk@wsj.com,894-710-4429,Realcube,subsidism,6,rapot,3rd generation,kontak
Barny Cantera,bcanterapl@sakura.ne.jp,641-835-5753,Vidoo,subsidism,1,rapot,Open-architected,kontak
Amalita Pittendreigh,apittendreighpm@bravesites.com,310-821-3420,Centidel,sdm,5,program,knowledge base,wordpress
Paolo Mewha,pmewhapn@ihg.com,648-390-3687,Abatz,subsidism,10,rapot,array,whatsapp
Ly Hebditch,lhebditchpo@scribd.com,407-185-8202,InnoZ,ssm,1,refollow up,Automated,wordpress
Lela Milazzo,lmilazzopp@gov.uk,970-870-8529,Photolist,subsidism,5,program,infrastructure,kontak
Kirstin Keymer,kkeymerpq@cbslocal.com,264-864-0430,Skyvu,subsidism,4,refollow up,Re-engineered,whatsapp
Sherline Fiddy,sfiddypr@homestead.com,484-846-9108,Realcube,subsidism,5,program,Up-sized,whatsapp
Myra Loades,mloadesps@nyu.edu,633-950-9513,Eadel,sdm,5,closing,utilisation,kontak
Emmaline Seed,eseedpt@oaic.gov.au,299-905-7153,Voonyx,ssm,8,closing,pricing structure,whatsapp
Evey Robarts,erobartspu@mysql.com,781-725-2845,Livepath,ssm,10,refollow up,Optional,kontak
Lorrayne Christofe,lchristofepv@go.com,450-673-6882,Rhybox,sdm,4,closing,Focused,whatsapp
Kailey Baiden,kbaidenpw@tinyurl.com,996-430-9804,Jabbercube,ssm,7,rapot,website,wordpress
Mandy Shelley,mshelleypx@cloudflare.com,620-648-1579,Eare,sdm,3,rapot,bi-directional,kontak
Cody Tarzey,ctarzeypy@simplemachines.org,901-599-6219,Oodoo,subsidism,2,schedule,capacity,kontak
Elka Beccero,ebecceropz@tripod.com,640-501-0624,Tanoodle,subsidism,5,refollow up,pricing structure,kontak
Hermina Giorgielli,hgiorgielliq0@deliciousdays.com,129-705-5354,Skyvu,sdm,6,program,definition,wordpress
Brade Lorinez,blorinezq1@comcast.net,276-338-3555,Einti,sdm,8,rapot,cohesive,kontak
Jude Zaniolini,jzanioliniq2@amazonaws.com,546-386-4659,Dablist,subsidism,8,program,Devolved,whatsapp
Abbie Kivits,akivitsq3@topsy.com,445-793-6432,Lazz,subsidism,8,rapot,Distributed,wordpress
Vanessa Hartridge,vhartridgeq4@bigcartel.com,767-197-5983,Trudoo,subsidism,5,refollow up,groupware,whatsapp
Francisco Tebbutt,ftebbuttq5@arizona.edu,261-944-7475,Skinte,sdm,3,rapot,bifurcated,wordpress
Pamelina Chattell,pchattellq6@virginia.edu,419-793-6048,Fliptune,subsidism,3,program,fresh-thinking,kontak
Reinald Odde,roddeq7@studiopress.com,919-577-5040,Voonix,ssm,2,refollow up,knowledge user,whatsapp
Akim Goodwin,agoodwinq8@google.fr,435-726-3679,Jabbercube,ssm,5,rapot,responsive,kontak
Elga Sallenger,esallengerq9@globo.com,419-730-6236,Realmix,subsidism,8,program,Mandatory,kontak
Trev Maddocks,tmaddocksqa@cpanel.net,790-896-2799,Devcast,sdm,3,program,synergy,kontak
Rickert Tinkham,rtinkhamqb@free.fr,634-925-9595,Nlounge,sdm,8,closing,conglomeration,wordpress
De witt Barsby,dwittqc@sciencedaily.com,499-968-2748,Rhybox,ssm,9,program,Enterprise-wide,wordpress
Serge Strelitzki,sstrelitzkiqd@tuttocitta.it,732-630-2108,Skimia,sdm,9,rapot,concept,whatsapp
Twila Spenceley,tspenceleyqe@shareasale.com,338-743-3256,Realfire,sdm,8,closing,composite,kontak
Flossy Ferrieroi,fferrieroiqf@livejournal.com,216-143-7953,Oyoba,ssm,6,closing,Grass-roots,wordpress
Griz Robjant,grobjantqg@bloglovin.com,444-550-6642,Skipstorm,ssm,5,program,multi-state,kontak
Bethany Vertey,bverteyqh@comcast.net,464-345-0834,Yodoo,ssm,8,program,Sharable,whatsapp
Hughie Cockayme,hcockaymeqi@facebook.com,348-496-5217,Flipopia,sdm,8,refollow up,throughput,kontak
Bertina Blowing,bblowingqj@mozilla.com,515-515-7279,Shuffledrive,ssm,1,program,regional,wordpress
Serge Witty,swittyqk@squidoo.com,472-776-6877,Twinte,ssm,3,closing,multi-state,wordpress
Mortimer Corrado,mcorradoql@dagondesign.com,366-902-9193,Quatz,ssm,1,closing,Total,kontak
Ulick Bignold,ubignoldqm@shop-pro.jp,524-871-5536,Eimbee,subsidism,8,schedule,Optimized,kontak
Karen Tyer,ktyerqn@archive.org,860-619-1389,Trupe,sdm,5,refollow up,support,wordpress
Albrecht Nucciotti,anucciottiqo@reuters.com,238-552-7541,Browsebug,subsidism,5,schedule,Face to face,wordpress
Reinold Spours,rspoursqp@woothemes.com,755-577-1050,Photobug,ssm,5,program,empowering,whatsapp
Elia Kobierzycki,ekobierzyckiqq@cbslocal.com,727-976-1623,Yamia,sdm,2,program,Reverse-engineered,kontak
Eduino Goeff,egoeffqr@constantcontact.com,767-553-7191,Zoovu,subsidism,3,closing,bottom-line,kontak
Juanita Lorne,jlorneqs@scribd.com,384-514-2358,Livepath,subsidism,2,closing,Devolved,whatsapp
Sheppard Reiling,sreilingqt@hostgator.com,919-721-8254,Shuffletag,ssm,6,schedule,interface,kontak
Pyotr Dudny,pdudnyqu@wikipedia.org,868-599-0225,Youfeed,sdm,5,program,Ameliorated,kontak
Christye Lehr,clehrqv@hp.com,138-641-7486,Rhynoodle,ssm,6,program,incremental,wordpress
Sheri Lattey,slatteyqw@whitehouse.gov,274-623-1535,Avamba,sdm,8,schedule,mobile,whatsapp
Caroljean Gazzard,cgazzardqx@webmd.com,619-628-0959,Shufflebeat,ssm,3,schedule,zero defect,kontak
Marcelo Mousley,mmousleyqy@hao123.com,468-658-7947,Shuffledrive,subsidism,5,rapot,modular,kontak
Sly Blundon,sblundonqz@i2i.jp,350-411-4787,Kazu,sdm,10,schedule,directional,kontak
Val Nansom,vnansomr0@odnoklassniki.ru,304-103-8860,Jabberbean,ssm,7,rapot,client-driven,wordpress
Torrence Dionisi,tdionisir1@columbia.edu,224-734-8860,Kazu,subsidism,3,refollow up,coherent,kontak
Virginie Lamke,vlamker2@si.edu,934-894-7775,Quatz,sdm,7,refollow up,Graphic Interface,wordpress
Gleda Rodders,groddersr3@arizona.edu,526-509-7910,Twinder,subsidism,10,program,complexity,whatsapp
Gauthier Cottam,gcottamr4@elpais.com,472-210-6064,Feedfire,ssm,1,rapot,methodology,wordpress
Gavra Sallinger,gsallingerr5@acquirethisname.com,328-249-4279,Oba,ssm,2,refollow up,analyzer,kontak
Mohandas Gerrie,mgerrier6@mayoclinic.com,202-737-7439,Twitterworks,ssm,8,program,bifurcated,whatsapp
Bunnie Nottingham,bnottinghamr7@columbia.edu,358-464-1829,Camimbo,sdm,6,closing,hierarchy,wordpress
Marian Burgoyne,mburgoyner8@alibaba.com,927-628-7479,Realbridge,sdm,7,rapot,Grass-roots,whatsapp
Pennie Bellfield,pbellfieldr9@uol.com.br,262-367-4049,Roodel,ssm,4,program,User-friendly,kontak
Elli Brundall,ebrundallra@yellowbook.com,162-315-4087,Kimia,ssm,6,rapot,zero administration,whatsapp
Manny Bowmer,mbowmerrb@ft.com,525-416-4425,Roomm,sdm,3,rapot,needs-based,whatsapp
Jamesy Cazereau,jcazereaurc@a8.net,751-325-4824,Yakitri,sdm,8,refollow up,migration,kontak
Phip Lynock,plynockrd@w3.org,879-446-7371,Feedbug,sdm,4,closing,firmware,wordpress
Harrison Janecki,hjaneckire@jigsy.com,244-547-5193,Skinix,subsidism,2,closing,system-worthy,whatsapp
Horace McPhelim,hmcphelimrf@nyu.edu,649-868-1637,Devpoint,ssm,3,schedule,Enterprise-wide,kontak
Tyrone Gilli,tgillirg@bizjournals.com,698-711-0267,Dynabox,sdm,6,schedule,zero defect,wordpress
Virgie Wrixon,vwrixonrh@opera.com,815-490-3707,Midel,subsidism,5,program,parallelism,wordpress
Jackquelin Thomsson,jthomssonri@mayoclinic.com,895-254-4840,Devpulse,ssm,4,program,secured line,wordpress
Al Ivakhnov,aivakhnovrj@over-blog.com,796-852-0022,Meetz,sdm,10,schedule,User-friendly,kontak
Elva Asplen,easplenrk@marriott.com,564-536-4944,Npath,subsidism,7,closing,database,wordpress
Madelyn Cubbit,mcubbitrl@youku.com,303-809-4229,Skalith,subsidism,4,program,artificial intelligence,wordpress
Bidget Tersay,btersayrm@mapquest.com,595-306-5160,Jabberbean,ssm,1,closing,3rd generation,whatsapp
Katie Attoe,kattoern@nsw.gov.au,366-555-1093,Kare,sdm,8,schedule,Vision-oriented,whatsapp
Neely Strowthers,nstrowthersro@jalbum.net,136-792-1538,Tagcat,subsidism,7,closing,stable,kontak
Myrtia Dy,mdyrp@mlb.com,677-686-2890,Mymm,subsidism,8,refollow up,encompassing,whatsapp
Dew Tibols,dtibolsrq@prnewswire.com,571-798-8194,Trilith,ssm,7,schedule,user-facing,wordpress
Kathy Maplethorpe,kmaplethorperr@theglobeandmail.com,352-424-4240,Skalith,subsidism,9,closing,archive,wordpress
