nama,email,handphone,perusahaan,program,batch,status
Eileen Van de Castele,evan0@skyrock.com,518-941-0019,Lockman and Sons,sdm,11,rapot
Bevon Iaduccelli,biaduccelli1@sbwire.com,190-292-0400,"Kautzer, Lockman and Auer",subsidism,13,rapot
Irwinn Rivel,irivel2@google.es,101-479-0537,Howell-Mertz,subsidism,6,rapot
Jefferson Ateridge,jateridge3@cocolog-nifty.com,439-872-1291,Mayert Group,subsididm,7,schedule
Ailina Tremblay,atremblay4@dot.gov,561-921-4540,Grimes Inc,ssm,7,refollow up
Starlene Banks,sbanks5@nymag.com,547-589-3322,Dare-Torphy,subsididm,8,closing
June Scarborough,jscarborough6@sina.com.cn,574-921-2601,Zboncak-Trantow,sdm,8,refollow up
Timmie Newns,tnewns7@imageshack.us,260-303-9016,"Gerlach, Feeney and Daugherty",subsididm,2,rapot
Tamra Glascott,tglascott8@facebook.com,181-166-7275,Daugherty-Lemke,sdm,9,rapot
Marie-ann Morphey,mmorphey9@ning.com,216-760-8695,"Padberg, Gibson and Dietrich",subsididm,15,program
Christie Waples,cwaplesa@dedecms.com,576-494-9163,Breitenberg-Windler,subsididm,4,rapot
Eileen Kenelin,ekenelinb@google.com.hk,350-325-0286,"DuBuque, Heller and Corkery",subsidism,9,schedule
Tamra Winslett,twinslettc@tamu.edu,833-109-5461,Schowalter Group,sdm,12,schedule
Rochella Joe,rjoed@freewebs.com,578-575-2767,Pollich-Raynor,sdm,5,schedule
Susannah Ironside,sironsidee@sakura.ne.jp,950-638-3889,Smith Inc,sdm,9,rapot
Jemmie Leyninye,jleyninyef@weibo.com,185-244-9870,Champlin-Towne,subsididm,5,rapot
Livvie Doust,ldoustg@pinterest.com,685-978-9701,"Gleichner, Pfeffer and Schinner",ssm,7,program
Ranna Francino,rfrancinoh@joomla.org,157-202-0919,Kris-Botsford,subsididm,1,rapot
Hedvig Bayns,hbaynsi@cisco.com,515-911-8339,Bradtke LLC,ssm,13,refollow up
Natalya Messer,nmesserj@howstuffworks.com,639-762-4408,Gerlach-Olson,subsididm,2,schedule
Nyssa Brelsford,nbrelsfordk@sun.com,345-413-9866,"Abshire, Schuster and Jakubowski",ssm,4,program
Gabbie Beiderbeck,gbeiderbeckl@cocolog-nifty.com,467-391-1273,Watsica-Dare,subsidism,2,refollow up
Tisha Borkett,tborkettm@jalbum.net,601-485-5293,"Fisher, Rohan and Gerhold",sdm,7,refollow up
Jaymie Arnet,jarnetn@com.com,849-580-7379,"Corwin, Kilback and Barrows",sdm,13,schedule
Kerstin Hiland,khilando@163.com,409-361-9108,"Carroll, Nicolas and Cartwright",subsidism,10,refollow up
Joellyn Shelp,jshelpp@google.com,919-678-4050,Lind Inc,ssm,15,rapot
Shurwood Vanner,svannerq@ebay.com,633-486-4656,Boehm-Crona,subsididm,12,schedule
Chaddy Brocking,cbrockingr@desdev.cn,674-459-0079,Littel-Toy,ssm,5,program
Emeline Lightoller,elightollers@examiner.com,248-483-4149,"Frami, Hagenes and Lemke",ssm,6,program
Huntley Shiel,hshielt@cbc.ca,448-384-7622,"Koch, Moen and Fahey",sdm,11,rapot
Valida Towll,vtowllu@webs.com,114-960-6471,Waters-Hoppe,subsidism,7,program
Caren Itschakov,citschakovv@simplemachines.org,390-164-9983,Reinger-Hyatt,subsididm,13,refollow up
Deane Solomonides,dsolomonidesw@fc2.com,141-661-3442,Kautzer and Sons,sdm,13,refollow up
Lilias Cornbell,lcornbellx@sciencedirect.com,170-958-0089,Streich and Sons,sdm,3,schedule
Gaylene Rowsell,growselly@ocn.ne.jp,179-458-3370,"DuBuque, Price and Kulas",ssm,6,refollow up
Clarissa Ashbridge,cashbridgez@cbsnews.com,122-604-7424,Willms-Graham,subsidism,13,closing
Bearnard Petasch,bpetasch10@yahoo.co.jp,221-538-7189,Romaguera-Hilpert,sdm,4,refollow up
Erwin Woodford,ewoodford11@fastcompany.com,423-171-3638,Runolfsson Group,ssm,9,refollow up
Tressa Dumpleton,tdumpleton12@bloglines.com,370-963-2820,Carter and Sons,sdm,8,program
Lemuel Abele,labele13@merriam-webster.com,251-814-3784,"Corwin, Windler and Pfeffer",subsidism,1,rapot
Tallie Steagall,tsteagall14@alibaba.com,137-491-1069,Kunde-Jacobi,sdm,12,refollow up
Riobard Meechan,rmeechan15@irs.gov,723-141-7346,Blick-Casper,ssm,12,schedule
Timmie Shand,tshand16@purevolume.com,480-933-1246,"Botsford, Kuhlman and Kilback",subsididm,4,rapot
Cesar Urwin,curwin17@github.com,294-697-1626,Zulauf-Nader,subsididm,11,program
Janie Petrasek,jpetrasek18@desdev.cn,274-372-5409,Barrows Group,sdm,9,refollow up
Laurena Esome,lesome19@nymag.com,582-804-5991,Mueller-Hand,sdm,13,rapot
Janice Rudkin,jrudkin1a@plala.or.jp,344-326-5964,Tromp-Dickens,subsididm,2,closing
Boothe Milton,bmilton1b@merriam-webster.com,154-437-3277,Orn Group,ssm,10,closing
Aretha Roubeix,aroubeix1c@delicious.com,531-977-5630,"Thiel, McClure and Kuhlman",sdm,10,closing
Jenda Sandlin,jsandlin1d@europa.eu,556-679-1396,"Rolfson, Ziemann and Vandervort",subsidism,6,rapot
Bradly Coogan,bcoogan1e@weebly.com,627-341-2836,"Kreiger, Schroeder and Hahn",subsidism,5,closing
Theodoric Kneath,tkneath1f@hexun.com,821-344-4023,Homenick Inc,sdm,9,schedule
Roze Brummitt,rbrummitt1g@uol.com.br,465-446-8061,Oberbrunner LLC,subsidism,7,schedule
Janna Curl,jcurl1h@sciencedirect.com,478-910-5017,Kohler-Gutmann,ssm,15,closing
Dena Juppe,djuppe1i@de.vu,333-787-1637,"Kreiger, Ziemann and Schaden",subsidism,8,rapot
Kym Stonehewer,kstonehewer1j@state.gov,344-822-7058,Corwin-Pollich,ssm,13,rapot
Catharine Killich,ckillich1k@addthis.com,656-483-5520,Glover-Mueller,ssm,10,program
Jeniece Tanslie,jtanslie1l@pcworld.com,800-805-4008,Stroman-Ledner,subsidism,3,schedule
Lazaro Schimann,lschimann1m@cloudflare.com,962-889-4573,Cummerata-Johnson,sdm,9,rapot
Ivette Flay,iflay1n@gmpg.org,899-986-7854,Daugherty-Von,ssm,5,program
Evonne Kleingrub,ekleingrub1o@oakley.com,560-649-1110,"Hartmann, Deckow and Quigley",ssm,15,refollow up
Hinda Bea,hbea1p@artisteer.com,750-133-7814,Wehner-Grimes,sdm,8,closing
Andrus Matokhnin,amatokhnin1q@symantec.com,134-341-2004,Konopelski and Sons,subsidism,7,closing
Regen Schrieves,rschrieves1r@amazon.de,982-161-3520,"Schumm, Kulas and Schoen",ssm,15,rapot
Andrea Cavaney,acavaney1s@fastcompany.com,563-926-1037,Leannon-Kshlerin,subsididm,8,rapot
Phyllis Pashbee,ppashbee1t@soup.io,195-316-2335,Greenholt and Sons,ssm,11,program
Madelle Voff,mvoff1u@marketwatch.com,185-364-2300,Feest LLC,subsidism,10,closing
Dav Drewes,ddrewes1v@google.com.au,307-554-9022,Waters Group,subsidism,7,schedule
Kincaid Storkes,kstorkes1w@google.ru,836-371-0621,Rempel-Nienow,ssm,13,refollow up
May Meier,mmeier1x@msn.com,197-446-6848,Dooley-Daniel,sdm,12,rapot
Constance Lacky,clacky1y@yahoo.com,819-870-2824,Fadel and Sons,subsidism,6,program
Storm Tolhurst,stolhurst1z@nyu.edu,537-121-1352,Schulist-Leuschke,sdm,13,program
Cymbre Mingo,cmingo20@dailymotion.com,494-829-8315,Bradtke-Hermann,sdm,1,closing
Edvard Clissell,eclissell21@jigsy.com,365-155-6746,Balistreri LLC,subsidism,5,schedule
Josephine Blabey,jblabey22@pinterest.com,998-990-3467,DuBuque and Sons,subsididm,4,closing
Ilyse Firbanks,ifirbanks23@xinhuanet.com,298-619-7922,Schinner-Reynolds,ssm,15,rapot
Keenan Painter,kpainter24@imgur.com,640-545-4616,Cronin and Sons,subsidism,4,refollow up
Jordan Porte,jporte25@google.ca,525-929-1182,"Dickinson, Bruen and Predovic",ssm,9,rapot
Martino Helix,mhelix26@blogs.com,840-533-8855,Stoltenberg Inc,subsidism,14,closing
Cleveland Arsmith,carsmith27@topsy.com,747-915-8192,Morar-Nikolaus,sdm,15,program
Sarine Ebbitt,sebbitt28@princeton.edu,359-890-8086,Weissnat-Kovacek,subsidism,10,rapot
Delmore Zanuciolii,dzanuciolii29@mapy.cz,215-695-6498,Lueilwitz Group,subsididm,13,refollow up
Aigneis Poulett,apoulett2a@printfriendly.com,468-512-8876,"Fritsch, Goldner and Abshire",subsidism,3,schedule
Tera Castiglio,tcastiglio2b@psu.edu,384-476-4898,Ryan-Glover,subsidism,3,schedule
Arly Folds,afolds2c@census.gov,553-560-5410,Jacobs Group,subsididm,9,schedule
Sheri Sussex,ssussex2d@unesco.org,180-690-2504,Denesik-Muller,subsididm,4,closing
Vanna Swyer,vswyer2e@nyu.edu,806-353-9691,Yundt Group,sdm,11,program
Clayton Hellsdon,chellsdon2f@reuters.com,933-907-0117,"Kris, Wilkinson and Rolfson",ssm,11,refollow up
Beverlie Oxenden,boxenden2g@surveymonkey.com,934-601-8955,"Hilll, Jenkins and Conn",sdm,13,refollow up
Salmon Stiff,sstiff2h@cpanel.net,850-558-1806,"Cremin, Rice and Heidenreich",subsidism,4,closing
Miran Macro,mmacro2i@biblegateway.com,552-155-4399,"Stiedemann, Jones and Paucek",ssm,2,closing
Cybil Chazelas,cchazelas2j@thetimes.co.uk,660-903-9877,Cronin and Sons,subsidism,10,program
Bunni Bottinelli,bbottinelli2k@marketwatch.com,564-868-0714,Hahn and Sons,subsididm,12,schedule
Goddart Spray,gspray2l@creativecommons.org,554-358-4060,"Marvin, Hand and Stark",subsididm,2,schedule
Fredrick Smallshaw,fsmallshaw2m@wikia.com,211-946-3497,Schinner and Sons,ssm,1,refollow up
Dwayne Eccleston,deccleston2n@artisteer.com,883-800-2090,Balistreri LLC,sdm,12,refollow up
Lenette Ure,lure2o@cloudflare.com,829-850-8174,Schinner-Glover,ssm,13,program
Fifine Usborn,fusborn2p@eventbrite.com,516-128-6202,Cormier LLC,ssm,15,refollow up
Jae Bream,jbream2q@webnode.com,392-756-9697,Simonis-Zieme,ssm,15,program
Debbie Dunkerley,ddunkerley2r@epa.gov,967-223-3849,"Mann, Hamill and Schmitt",subsididm,15,rapot
